country_id,indicator_id,year,value
196,17,2000,8.77923775
197,17,2000,2.73858261
198,17,2000,7.29948664
199,17,2000,8.17829704
200,17,2000,4.84836864
201,17,2000,5.94454002
202,17,2000,7.50158787
203,17,2000,4.42626905
204,17,2000,10.02161694
205,17,2000,11.39879036
206,17,2000,9.15514088
207,17,2000,2.27290344
208,17,2000,4.55759859
209,17,2000,2.49895263
210,17,2000,1.40894139
211,17,2000,2.42206764
212,17,2000,9.79427242
213,17,2000,7.02958536
214,17,2000,5.24128246
215,17,2000,6.30897522
216,17,2000,6.10194254
217,17,2000,2.38009167
218,17,2000,2.52350521
219,17,2000,7.08898258
220,17,2000,7.40740728
221,17,2000,4.25491762
222,17,2000,12.0397644
223,17,2000,7.04260349
224,17,2000,6.66892862
225,17,2000,2.51425123
226,17,2000,6.87927103
227,17,2000,6.31664944
228,17,2000,15.98191643
229,17,2000,8.3682642
230,17,2000,2.36681986
231,17,2000,3.54361153
232,17,2000,32.40078735
233,17,2000,8.95994949
234,17,2000,6.83102226
235,17,2000,5.45097542
236,17,2000,11.85530758
237,17,2000,
238,17,2000,2.44484162
239,17,2000,8.33055115
240,17,2000,6.05200052
241,17,2000,6.88475037
242,17,2000,
243,17,2000,11.86253166
244,17,2000,17.81966209
245,17,2000,13.34992313
246,17,2000,12.27690411
247,17,2000,5.84757805
248,17,2000,8.29598331
249,17,2000,9.67673969
250,17,2000,14.8156271
251,17,2000,10.95628929
252,17,2000,14.88161659
253,17,2000,25.26477432
254,17,2000,10.80231476
255,17,2000,8.64061165
256,17,2000,12.13758659
257,17,2000,4.139431
258,17,2000,18.81376648
259,17,2000,7.25555325
260,17,2000,14.0827589
261,17,2000,7.81650448
262,17,2000,13.94368362
263,17,2000,13.67898464
264,17,2000,11.84148693
265,17,2000,9.89962292
266,17,2000,12.48380089
267,17,2000,19.78174782
268,17,2000,11.85042095
269,17,2000,10.76997662
270,17,2000,5.80614185
271,17,2000,8.08553123
272,17,2000,11.68052864
273,17,2000,11.64874554
274,17,2000,6.78572941
275,17,2000,16.16093826
276,17,2000,14.3447504
277,17,2000,
278,17,2000,
279,17,2000,10.26810646
280,17,2000,6.07547617
281,17,2000,6.66372585
282,17,2000,10.95240307
283,17,2000,
284,17,2000,12.68911648
285,17,2000,5.44961691
286,17,2000,7.53721476
287,17,2000,6.03982067
288,17,2000,4.11556196
289,17,2000,5.84337044
290,17,2000,7.03079271
291,17,2000,6.25985861
292,17,2000,3.94152761
293,17,2000,9.1586647
294,17,2000,
295,17,2000,11.77479267
296,17,2000,5.64728546
297,17,2000,10.54292107
298,17,2000,7.56610489
299,17,2000,7.48521662
300,17,2000,8.17372704
301,17,2000,30.41848755
302,17,2000,3.86989212
303,17,2000,13.37524414
304,17,2000,4.75029039
305,17,2000,12.1293211
306,17,2000,12.06895447
307,17,2000,7.25399256
308,17,2000,8.07666683
309,17,2000,11.92357922
310,17,2000,6.33171606
311,17,2000,12.38046741
312,17,2000,12.78373718
313,17,2000,10.7823925
314,17,2000,11.20263577
315,17,2000,13.49542141
316,17,2000,4.85252142
317,17,2000,16.19174576
318,17,2000,9.61341953
319,17,2000,9.85581303
320,17,2000,16.03666496
321,17,2000,14.95885372
322,17,2000,9.40472698
323,17,2000,11.81089973
324,17,2000,9.24614048
325,17,2000,7.06400633
326,17,2000,7.42889071
327,17,2000,10.57103539
328,17,2000,12.98787212
329,17,2000,11.78238678
330,17,2000,14.67739677
331,17,2000,
332,17,2000,12.53276253
333,17,2000,14.71431541
334,17,2000,14.84878445
335,17,2000,8.38030815
336,17,2000,14.05994129
337,17,2000,8.52794456
338,17,2000,8.65739632
339,17,2000,9.72129631
340,17,2000,19.72222137
341,17,2000,13.56817055
342,17,2000,8.79084015
343,17,2000,11.72091579
344,17,2000,12.45362759
345,17,2000,11.66689491
346,17,2000,7.83617067
347,17,2000,4.89296627
348,17,2000,7.18632746
349,17,2000,13.33598137
350,17,2000,7.08121443
351,17,2000,15.39725876
352,17,2000,6.10871267
353,17,2000,5.21146441
354,17,2000,7.66199493
355,17,2000,3.05056
356,17,2000,3.59241748
357,17,2000,8.82846737
358,17,2000,1.35780489
359,17,2000,4.25074148
360,17,2000,10.13794994
361,17,2000,9.24875259
362,17,2000,
363,17,2000,14.60132885
364,17,2000,5.72010231
365,17,2000,8.59173584
366,17,2000,6.08984089
367,17,2000,9.6333189
368,17,2000,10.58804417
369,17,2000,15.06805801
370,17,2000,11.40623569
371,17,2000,6.19914436
372,17,2000,4.57726908
373,17,2000,14.49398708
374,17,2000,2.59440136
375,17,2000,13.35476398
376,17,2000,23.97120094
377,17,2000,14.70787811
378,17,2000,6.55000019
379,17,2000,8.09789371
380,17,2000,8.31666756
381,17,2000,6.51838589
382,17,2000,8.27991581
383,17,2000,11.796875
384,17,2000,7.39189529
385,17,2000,21.78247643
386,17,2000,11.41306496
387,17,2000,11.93384361
388,17,2000,9.70482826
389,17,2000,9.4822588
196,17,2001,9.26661205
197,17,2001,5.96825457
198,17,2001,7.99414682
199,17,2001,8.17829704
200,17,2001,4.94217682
201,17,2001,6.66263866
202,17,2001,11.17305183
203,17,2001,5.34374762
204,17,2001,10.72575855
205,17,2001,11.86877823
206,17,2001,4.11414385
207,17,2001,3.31901908
208,17,2001,4.45654726
209,17,2001,2.49895263
210,17,2001,1.40894139
211,17,2001,3.01020408
212,17,2001,9.28485775
213,17,2001,8.98233509
214,17,2001,4.53776979
215,17,2001,6.30897522
216,17,2001,6.10194254
217,17,2001,2.4733243
218,17,2001,2.52350521
219,17,2001,7.08898258
220,17,2001,8.70134163
221,17,2001,4.25491762
222,17,2001,12.01517391
223,17,2001,7.04260349
224,17,2001,5.74659824
225,17,2001,2.42193055
226,17,2001,7.01589203
227,17,2001,6.31664944
228,17,2001,15.98191643
229,17,2001,8.34352493
230,17,2001,2.77955914
231,17,2001,3.66130519
232,17,2001,6.9910512
233,17,2001,9.01053238
234,17,2001,8.02577591
235,17,2001,5.45097542
236,17,2001,10.62284565
237,17,2001,
238,17,2001,2.99478221
239,17,2001,8.33055115
240,17,2001,8.79931068
241,17,2001,6.88475037
242,17,2001,
243,17,2001,12.11715889
244,17,2001,17.37289238
245,17,2001,13.96301937
246,17,2001,12.37926769
247,17,2001,6.8270483
248,17,2001,8.18012047
249,17,2001,8.48902321
250,17,2001,15.27647972
251,17,2001,11.13347244
252,17,2001,15.37750435
253,17,2001,24.56128693
254,17,2001,11.39179516
255,17,2001,8.7834692
256,17,2001,11.43885326
257,17,2001,6.20780277
258,17,2001,17.68815994
259,17,2001,7.27699995
260,17,2001,14.40040016
261,17,2001,6.79539347
262,17,2001,11.90920353
263,17,2001,9.93868351
264,17,2001,8.20096111
265,17,2001,10.2574482
266,17,2001,12.79048729
267,17,2001,18.72884369
268,17,2001,10.25353241
269,17,2001,11.82719135
270,17,2001,6.21548748
271,17,2001,8.09102249
272,17,2001,11.23740292
273,17,2001,8.51552677
274,17,2001,7.02246428
275,17,2001,16.76017761
276,17,2001,15.75048256
277,17,2001,
278,17,2001,
279,17,2001,9.03064537
280,17,2001,5.96840477
281,17,2001,6.63266277
282,17,2001,11.87062645
283,17,2001,
284,17,2001,13.61480045
285,17,2001,6.17466164
286,17,2001,8.86973667
287,17,2001,5.78298664
288,17,2001,4.23062134
289,17,2001,5.02039194
290,17,2001,6.65781879
291,17,2001,6.30668402
292,17,2001,4.55468082
293,17,2001,8.7618742
294,17,2001,
295,17,2001,11.36873627
296,17,2001,6.64888716
297,17,2001,10.57568169
298,17,2001,7.58357716
299,17,2001,8.12738132
300,17,2001,8.42368317
301,17,2001,18.42596626
302,17,2001,5.66264772
303,17,2001,13.2925787
304,17,2001,4.79820633
305,17,2001,10.04257679
306,17,2001,12.43329906
307,17,2001,8.60074425
308,17,2001,9.46551609
309,17,2001,11.64404964
310,17,2001,6.3294282
311,17,2001,11.83805084
312,17,2001,13.33597374
313,17,2001,10.66431904
314,17,2001,11.68942642
315,17,2001,13.6540575
316,17,2001,6.75043344
317,17,2001,16.3556881
318,17,2001,10.97902489
319,17,2001,9.66478729
320,17,2001,14.8849411
321,17,2001,15.58507347
322,17,2001,9.33109188
323,17,2001,12.19702244
324,17,2001,8.40947342
325,17,2001,7.13149929
326,17,2001,8.11077213
327,17,2001,11.36786652
328,17,2001,14.05965328
329,17,2001,11.58279419
330,17,2001,14.25266552
331,17,2001,
332,17,2001,12.99990368
333,17,2001,12.19929886
334,17,2001,15.03281307
335,17,2001,8.88987827
336,17,2001,13.71860504
337,17,2001,9.71184635
338,17,2001,9.60567093
339,17,2001,9.67133141
340,17,2001,19.72222137
341,17,2001,13.56817055
342,17,2001,10.37129307
343,17,2001,11.40878677
344,17,2001,12.56389999
345,17,2001,12.35737801
346,17,2001,8.69527817
347,17,2001,5.05747128
348,17,2001,7.46441364
349,17,2001,13.35963154
350,17,2001,7.63454914
351,17,2001,15.587327
352,17,2001,6.64425468
353,17,2001,3.57855344
354,17,2001,6.54652882
355,17,2001,2.90321684
356,17,2001,3.9583149
357,17,2001,9.03159332
358,17,2001,1.40706038
359,17,2001,4.52761316
360,17,2001,9.51723194
361,17,2001,8.37690735
362,17,2001,
363,17,2001,14.70855331
364,17,2001,5.97160959
365,17,2001,7.83031797
366,17,2001,5.58924198
367,17,2001,9.63331795
368,17,2001,7.9022274
369,17,2001,15.94543266
370,17,2001,11.40622044
371,17,2001,7.05502892
372,17,2001,4.78832054
373,17,2001,10.92781258
374,17,2001,2.85505843
375,17,2001,11.05122089
376,17,2001,21.97912788
377,17,2001,15.17467403
378,17,2001,30.23809433
379,17,2001,7.97266722
380,17,2001,7.733428
381,17,2001,5.5015583
382,17,2001,9.29752541
383,17,2001,10.39145947
384,17,2001,4.87020969
385,17,2001,25.83412743
386,17,2001,12.73616314
387,17,2001,11.4551363
388,17,2001,11.26528454
389,17,2001,8.20207787
196,17,2002,7.97343826
197,17,2002,4.19123077
198,17,2002,6.34654379
199,17,2002,8.17829704
200,17,2002,5.43493128
201,17,2002,6.37957811
202,17,2002,9.50427818
203,17,2002,6.43298531
204,17,2002,8.60808086
205,17,2002,11.72442722
206,17,2002,6.71067286
207,17,2002,1.3442719
208,17,2002,4.14795876
209,17,2002,2.49895263
210,17,2002,1.40894139
211,17,2002,3.52871037
212,17,2002,9.1893816
213,17,2002,8.36867714
214,17,2002,4.66366768
215,17,2002,6.30897522
216,17,2002,6.10194254
217,17,2002,4.39565277
218,17,2002,2.52350521
219,17,2002,7.08898258
220,17,2002,7.72369576
221,17,2002,4.25491762
222,17,2002,14.01566982
223,17,2002,7.04260349
224,17,2002,5.56610441
225,17,2002,3.58240104
226,17,2002,7.24555254
227,17,2002,6.31664944
228,17,2002,17.18019867
229,17,2002,8.35599804
230,17,2002,2.74149632
231,17,2002,3.70572662
232,17,2002,8.49531841
233,17,2002,8.63635921
234,17,2002,6.45610762
235,17,2002,5.45097542
236,17,2002,10.37981224
237,17,2002,
238,17,2002,4.05133438
239,17,2002,8.74788189
240,17,2002,9.78842449
241,17,2002,6.88475037
242,17,2002,
243,17,2002,10.65088367
244,17,2002,18.4574852
245,17,2002,13.40527344
246,17,2002,9.33345699
247,17,2002,7.51454115
248,17,2002,7.8159523
249,17,2002,7.99419022
250,17,2002,15.88256645
251,17,2002,11.66363049
252,17,2002,14.86478043
253,17,2002,24.75807571
254,17,2002,11.1904707
255,17,2002,8.40141296
256,17,2002,10.19451523
257,17,2002,6.54682684
258,17,2002,17.78228951
259,17,2002,7.5790844
260,17,2002,14.79130077
261,17,2002,7.50901365
262,17,2002,7.3620429
263,17,2002,9.4749918
264,17,2002,8.66761017
265,17,2002,10.43169594
266,17,2002,13.14511585
267,17,2002,18.8447361
268,17,2002,8.33574581
269,17,2002,12.83901119
270,17,2002,5.44581175
271,17,2002,7.76684618
272,17,2002,10.86500263
273,17,2002,11.07381153
274,17,2002,8.04972553
275,17,2002,17.2201767
276,17,2002,16.74390793
277,17,2002,
278,17,2002,1.21245599
279,17,2002,8.22115707
280,17,2002,5.49563599
281,17,2002,6.14118385
282,17,2002,9.56564999
283,17,2002,
284,17,2002,13.38210011
285,17,2002,5.69684553
286,17,2002,8.29187298
287,17,2002,7.75643206
288,17,2002,4.18854809
289,17,2002,6.19423246
290,17,2002,6.79020882
291,17,2002,6.26631975
292,17,2002,4.90160227
293,17,2002,8.5682354
294,17,2002,
295,17,2002,10.70719147
296,17,2002,7.21175766
297,17,2002,10.98641014
298,17,2002,7.80031395
299,17,2002,7.57236004
300,17,2002,8.20897484
301,17,2002,30.31304932
302,17,2002,5.3255291
303,17,2002,13.5137291
304,17,2002,3.19315743
305,17,2002,9.32076073
306,17,2002,12.28861809
307,17,2002,9.32255745
308,17,2002,10.74446106
309,17,2002,9.9538641
310,17,2002,6.7445941
311,17,2002,12.18289185
312,17,2002,13.70535088
313,17,2002,9.98040104
314,17,2002,12.08926582
315,17,2002,13.85807896
316,17,2002,7.02040815
317,17,2002,16.55490875
318,17,2002,10.86962318
319,17,2002,9.66882706
320,17,2002,16.83500099
321,17,2002,16.03050613
322,17,2002,8.6839838
323,17,2002,12.62734509
324,17,2002,9.42059898
325,17,2002,7.56329107
326,17,2002,8.16237354
327,17,2002,12.7128334
328,17,2002,13.58975124
329,17,2002,13.11352539
330,17,2002,15.04997349
331,17,2002,
332,17,2002,13.8298893
333,17,2002,12.38785744
334,17,2002,15.81267834
335,17,2002,9.38837528
336,17,2002,14.46359634
337,17,2002,11.53735256
338,17,2002,10.54747868
339,17,2002,9.51892662
340,17,2002,19.72222137
341,17,2002,13.56817055
342,17,2002,10.66064644
343,17,2002,12.29267883
344,17,2002,12.55124187
345,17,2002,12.64378357
346,17,2002,8.83963394
347,17,2002,4.21875
348,17,2002,8.63695431
349,17,2002,13.47213745
350,17,2002,8.10631752
351,17,2002,16.05598831
352,17,2002,5.58452082
353,17,2002,4.5399313
354,17,2002,7.87970304
355,17,2002,2.77127647
356,17,2002,3.98283839
357,17,2002,8.61925983
358,17,2002,2.59695721
359,17,2002,6.10134697
360,17,2002,10.37383842
361,17,2002,8.71551132
362,17,2002,
363,17,2002,15.51416302
364,17,2002,5.1140027
365,17,2002,8.29783154
366,17,2002,6.02580309
367,17,2002,10.12443733
368,17,2002,8.03575706
369,17,2002,16.06154251
370,17,2002,11.40624046
371,17,2002,6.12984419
372,17,2002,5.03528166
373,17,2002,13.72637749
374,17,2002,2.87267137
375,17,2002,10.90433216
376,17,2002,19.84620094
377,17,2002,16.27812386
378,17,2002,9.88888931
379,17,2002,7.39075327
380,17,2002,8.47603893
381,17,2002,4.75280809
382,17,2002,8.93059731
383,17,2002,11.10032368
384,17,2002,6.54224348
385,17,2002,32.32431412
386,17,2002,12.1376667
387,17,2002,11.25467587
388,17,2002,11.74639893
389,17,2002,8.61995983
196,17,2003,9.43778801
197,17,2003,4.26046801
198,17,2003,7.73368263
199,17,2003,8.17829704
200,17,2003,5.56972933
201,17,2003,3.71581554
202,17,2003,11.36700153
203,17,2003,6.51537704
204,17,2003,12.54859447
205,17,2003,8.9815588
206,17,2003,6.68444395
207,17,2003,1.85525787
208,17,2003,4.06708717
209,17,2003,2.49895263
210,17,2003,1.44882286
211,17,2003,2.87028527
212,17,2003,11.39668179
213,17,2003,8.41779423
214,17,2003,6.7543745
215,17,2003,6.30897522
216,17,2003,7.78030205
217,17,2003,2.85787916
218,17,2003,2.52350521
219,17,2003,7.02242994
220,17,2003,7.90368414
221,17,2003,4.25491762
222,17,2003,13.09897804
223,17,2003,7.6335125
224,17,2003,6.78598738
225,17,2003,2.60668302
226,17,2003,7.11917353
227,17,2003,6.31664944
228,17,2003,16.82404709
229,17,2003,7.62989426
230,17,2003,4.00685167
231,17,2003,12.45489502
232,17,2003,11.63808823
233,17,2003,9.04788303
234,17,2003,9.28865337
235,17,2003,5.45097542
236,17,2003,12.33823776
237,17,2003,
238,17,2003,4.24208784
239,17,2003,8.94947052
240,17,2003,9.70851707
241,17,2003,5.32276154
242,17,2003,
243,17,2003,12.44891071
244,17,2003,17.12602234
245,17,2003,13.80926418
246,17,2003,11.64061165
247,17,2003,7.13568306
248,17,2003,8.61168194
249,17,2003,8.2109251
250,17,2003,16.36354446
251,17,2003,12.48133278
252,17,2003,15.59885502
253,17,2003,26.33198166
254,17,2003,10.89082336
255,17,2003,8.66607666
256,17,2003,6.73424339
257,17,2003,8.21314716
258,17,2003,17.18667603
259,17,2003,7.53162813
260,17,2003,14.20887375
261,17,2003,7.35764837
262,17,2003,6.6061697
263,17,2003,9.88268948
264,17,2003,6.13759899
265,17,2003,10.69286728
266,17,2003,12.24404907
267,17,2003,17.18168831
268,17,2003,10.35359955
269,17,2003,11.61311531
270,17,2003,6.79344225
271,17,2003,7.16252851
272,17,2003,10.12181568
273,17,2003,11.15236187
274,17,2003,8.5635004
275,17,2003,17.50545311
276,17,2003,18.08441544
277,17,2003,
278,17,2003,5.45767879
279,17,2003,8.75817966
280,17,2003,5.81530714
281,17,2003,5.44320345
282,17,2003,10.21229744
283,17,2003,3.13100505
284,17,2003,11.37036991
285,17,2003,5.63509512
286,17,2003,8.07041359
287,17,2003,6.30859995
288,17,2003,4.14071369
289,17,2003,7.3693881
290,17,2003,6.77371311
291,17,2003,3.98045206
292,17,2003,9.21753025
293,17,2003,8.69626904
294,17,2003,
295,17,2003,10.07152081
296,17,2003,7.51466179
297,17,2003,11.40784454
298,17,2003,8.08750439
299,17,2003,6.80722618
300,17,2003,8.99717617
301,17,2003,30.21512604
302,17,2003,5.37522793
303,17,2003,13.61917305
304,17,2003,3.57235146
305,17,2003,10.07395458
306,17,2003,13.30091095
307,17,2003,11.58645248
308,17,2003,11.33319283
309,17,2003,10.40377426
310,17,2003,6.11334372
311,17,2003,11.61948967
312,17,2003,13.92824936
313,17,2003,11.08420467
314,17,2003,12.43871593
315,17,2003,13.74813557
316,17,2003,7.13276815
317,17,2003,16.66930389
318,17,2003,10.85597706
319,17,2003,11.56948948
320,17,2003,16.54575539
321,17,2003,16.89721489
322,17,2003,9.23191071
323,17,2003,12.50860596
324,17,2003,9.5652113
325,17,2003,8.07252979
326,17,2003,8.08213711
327,17,2003,13.67591095
328,17,2003,13.46735954
329,17,2003,12.2756443
330,17,2003,18.3401413
331,17,2003,
332,17,2003,14.19191265
333,17,2003,13.76112652
334,17,2003,15.86160946
335,17,2003,8.95027637
336,17,2003,14.19991493
337,17,2003,9.59353638
338,17,2003,12.99804401
339,17,2003,9.20299911
340,17,2003,19.72222137
341,17,2003,13.56351852
342,17,2003,11.73906803
343,17,2003,12.36053562
344,17,2003,14.01369381
345,17,2003,12.85495567
346,17,2003,9.30684757
347,17,2003,4.03528118
348,17,2003,9.29146957
349,17,2003,13.99738979
350,17,2003,9.38550282
351,17,2003,16.24128342
352,17,2003,6.01096392
353,17,2003,4.7553134
354,17,2003,7.6382122
355,17,2003,2.67687607
356,17,2003,4.49961615
357,17,2003,8.14470768
358,17,2003,1.87834525
359,17,2003,5.52154541
360,17,2003,10.3829298
361,17,2003,11.45679474
362,17,2003,1.62494636
363,17,2003,15.48101234
364,17,2003,6.98940802
365,17,2003,9.43044186
366,17,2003,6.87652969
367,17,2003,9.63331699
368,17,2003,8.61062717
369,17,2003,16.3582077
370,17,2003,11.40624046
371,17,2003,6.83480501
372,17,2003,5.41107655
373,17,2003,15.99021339
374,17,2003,3.14826822
375,17,2003,8.85847664
376,17,2003,21.32181168
377,17,2003,16.22460747
378,17,2003,9.375
379,17,2003,8.1612854
380,17,2003,7.63461208
381,17,2003,5.4588623
382,17,2003,7.4859376
383,17,2003,9.87378597
384,17,2003,8.32677841
385,17,2003,24.23223686
386,17,2003,12.0887661
387,17,2003,12.85530472
388,17,2003,13.21412563
389,17,2003,7.16033077
196,17,2004,8.66916943
197,17,2004,5.65923882
198,17,2004,8.69476223
199,17,2004,8.17829704
200,17,2004,8.39099884
201,17,2004,5.80384302
202,17,2004,9.63142586
203,17,2004,5.26183367
204,17,2004,11.27601051
205,17,2004,15.0313797
206,17,2004,6.75573111
207,17,2004,1.78429937
208,17,2004,4.14515257
209,17,2004,2.49895263
210,17,2004,1.4902302
211,17,2004,2.73299789
212,17,2004,9.74261189
213,17,2004,5.72665405
214,17,2004,6.51321602
215,17,2004,6.30897522
216,17,2004,7.01424837
217,17,2004,1.85608542
218,17,2004,2.52350521
219,17,2004,6.9893775
220,17,2004,8.25286293
221,17,2004,4.25491762
222,17,2004,10.02646637
223,17,2004,4.99515104
224,17,2004,7.30055523
225,17,2004,2.96115541
226,17,2004,7.99441957
227,17,2004,6.31664944
228,17,2004,17.39259529
229,17,2004,7.34862614
230,17,2004,6.55428886
231,17,2004,10.78895473
232,17,2004,8.5290432
233,17,2004,8.96697044
234,17,2004,9.5548315
235,17,2004,5.45097542
236,17,2004,12.0292511
237,17,2004,
238,17,2004,4.20555353
239,17,2004,8.76694775
240,17,2004,11.55348301
241,17,2004,5.65226936
242,17,2004,
243,17,2004,12.12656689
244,17,2004,16.25901031
245,17,2004,13.04177284
246,17,2004,13.969944
247,17,2004,7.88192844
248,17,2004,7.83916283
249,17,2004,8.43704319
250,17,2004,16.9260788
251,17,2004,13.10177708
252,17,2004,15.73734665
253,17,2004,25.73747253
254,17,2004,10.32092667
255,17,2004,8.52756691
256,17,2004,6.62144899
257,17,2004,8.46123028
258,17,2004,18.6806469
259,17,2004,10.49572659
260,17,2004,15.73237419
261,17,2004,7.35295486
262,17,2004,7.94925022
263,17,2004,9.59641266
264,17,2004,7.64527464
265,17,2004,12.07247734
266,17,2004,10.92097282
267,17,2004,19.21107483
268,17,2004,10.3499136
269,17,2004,11.77817726
270,17,2004,6.41686392
271,17,2004,6.86468935
272,17,2004,9.93319798
273,17,2004,11.67535591
274,17,2004,8.26660061
275,17,2004,17.92694664
276,17,2004,16.24844742
277,17,2004,
278,17,2004,3.60296822
279,17,2004,9.0417614
280,17,2004,5.38615036
281,17,2004,5.24308968
282,17,2004,10.16240692
283,17,2004,2.98065042
284,17,2004,9.40058994
285,17,2004,5.14762115
286,17,2004,8.91796303
287,17,2004,5.42119884
288,17,2004,4.12965059
289,17,2004,7.39701176
290,17,2004,6.24249697
291,17,2004,4.50923157
292,17,2004,7.97813177
293,17,2004,8.23897934
294,17,2004,
295,17,2004,9.52674675
296,17,2004,6.81887627
297,17,2004,11.54679012
298,17,2004,7.94020653
299,17,2004,5.71684551
300,17,2004,9.35447502
301,17,2004,27.70528984
302,17,2004,6.27547503
303,17,2004,13.02688408
304,17,2004,3.55759931
305,17,2004,9.99574471
306,17,2004,14.17946815
307,17,2004,11.32033443
308,17,2004,10.82743073
309,17,2004,10.69833088
310,17,2004,5.79073286
311,17,2004,13.14472771
312,17,2004,14.19999695
313,17,2004,11.51855564
314,17,2004,12.77010441
315,17,2004,13.93587112
316,17,2004,6.25
317,17,2004,16.45635414
318,17,2004,9.96563244
319,17,2004,11.08648109
320,17,2004,16.17471695
321,17,2004,17.35914803
322,17,2004,9.5785141
323,17,2004,13.2801733
324,17,2004,10.94160748
325,17,2004,8.21259594
326,17,2004,9.9400692
327,17,2004,10.13123989
328,17,2004,14.08533478
329,17,2004,13.36520195
330,17,2004,17.22698593
331,17,2004,
332,17,2004,14.29035187
333,17,2004,13.83370781
334,17,2004,16.11783028
335,17,2004,9.11025715
336,17,2004,14.54915047
337,17,2004,15.25031948
338,17,2004,11.96030045
339,17,2004,9.44207001
340,17,2004,19.72222137
341,17,2004,13.70559883
342,17,2004,13.2270298
343,17,2004,12.25810051
344,17,2004,14.05109215
345,17,2004,12.81434059
346,17,2004,9.30845737
347,17,2004,4.41860485
348,17,2004,10.18661499
349,17,2004,12.82281208
350,17,2004,8.1810751
351,17,2004,16.66044426
352,17,2004,6.13769007
353,17,2004,4.86526632
354,17,2004,9.08555698
355,17,2004,2.6527741
356,17,2004,4.20149517
357,17,2004,9.60306931
358,17,2004,1.92118549
359,17,2004,5.48284864
360,17,2004,11.04907322
361,17,2004,10.7134676
362,17,2004,2.25405741
363,17,2004,15.94705105
364,17,2004,6.39551544
365,17,2004,9.90109062
366,17,2004,7.26605844
367,17,2004,9.63331604
368,17,2004,9.25405025
369,17,2004,17.19595528
370,17,2004,11.40625858
371,17,2004,5.85327101
372,17,2004,5.62838221
373,17,2004,10.68084145
374,17,2004,1.5827409
375,17,2004,8.80264664
376,17,2004,21.15412903
377,17,2004,17.00220108
378,17,2004,9.99047661
379,17,2004,8.50177288
380,17,2004,8.74625015
381,17,2004,5.61920071
382,17,2004,8.29986668
383,17,2004,11.03975582
384,17,2004,7.12897968
385,17,2004,21.11802673
386,17,2004,12.73838425
387,17,2004,11.935709
388,17,2004,12.55610371
389,17,2004,8.6892519
196,17,2005,7.76159906
197,17,2005,4.8206377
198,17,2005,7.55740261
199,17,2005,8.17829704
200,17,2005,6.04864025
201,17,2005,6.223104
202,17,2005,8.80299091
203,17,2005,5.24748802
204,17,2005,6.39874029
205,17,2005,12.42341423
206,17,2005,5.91186571
207,17,2005,1.95315254
208,17,2005,3.89134884
209,17,2005,2.49895263
210,17,2005,1.46381831
211,17,2005,1.11400759
212,17,2005,12.61231613
213,17,2005,7.55002403
214,17,2005,5.07680273
215,17,2005,6.30897522
216,17,2005,13.74466038
217,17,2005,2.37353611
218,17,2005,2.52350521
219,17,2005,6.89238787
220,17,2005,5.9978323
221,17,2005,4.25491762
222,17,2005,10.53517532
223,17,2005,6.03783035
224,17,2005,6.45821333
225,17,2005,3.84421062
226,17,2005,7.36270761
227,17,2005,8.39700031
228,17,2005,16.26776886
229,17,2005,12.34742451
230,17,2005,6.40770292
231,17,2005,8.09271908
232,17,2005,11.44019318
233,17,2005,8.54413509
234,17,2005,9.28934002
235,17,2005,5.45097542
236,17,2005,10.91880608
237,17,2005,
238,17,2005,3.80081558
239,17,2005,7.13494539
240,17,2005,12.6199131
241,17,2005,5.53764105
242,17,2005,
243,17,2005,11.53017235
244,17,2005,16.02175713
245,17,2005,12.86341
246,17,2005,12.25700188
247,17,2005,8.33217239
248,17,2005,8.29879856
249,17,2005,7.71487045
250,17,2005,17.13103867
251,17,2005,12.86940479
252,17,2005,16.83091927
253,17,2005,26.82588387
254,17,2005,11.66760921
255,17,2005,8.72012901
256,17,2005,8.9872961
257,17,2005,7.86558485
258,17,2005,18.93865585
259,17,2005,9.11107826
260,17,2005,14.20312977
261,17,2005,6.27540493
262,17,2005,6.66875458
263,17,2005,12.36688042
264,17,2005,7.4342041
265,17,2005,11.14233589
266,17,2005,11.79316902
267,17,2005,16.471035
268,17,2005,10.89165306
269,17,2005,12.59054375
270,17,2005,6.40821648
271,17,2005,6.16301298
272,17,2005,9.00889111
273,17,2005,10.63834286
274,17,2005,8.02571201
275,17,2005,17.94141579
276,17,2005,13.28085995
277,17,2005,
278,17,2005,3.38122058
279,17,2005,9.13842487
280,17,2005,5.32781839
281,17,2005,5.24353075
282,17,2005,9.00558662
283,17,2005,3.19641972
284,17,2005,11.78674316
285,17,2005,5.38289976
286,17,2005,9.22798729
287,17,2005,5.78062487
288,17,2005,3.85011864
289,17,2005,8.14653969
290,17,2005,6.0894146
291,17,2005,3.9776814
292,17,2005,6.62295008
293,17,2005,8.80391121
294,17,2005,
295,17,2005,8.09948635
296,17,2005,7.34346199
297,17,2005,11.35010338
298,17,2005,8.37682343
299,17,2005,4.50115108
300,17,2005,9.30094719
301,17,2005,18.77888107
302,17,2005,7.44000816
303,17,2005,13.67242336
304,17,2005,3.95949173
305,17,2005,10.05169773
306,17,2005,13.29590225
307,17,2005,10.81009102
308,17,2005,11.16988087
309,17,2005,12.63296413
310,17,2005,5.74122572
311,17,2005,12.75457001
312,17,2005,14.85673332
313,17,2005,11.57624435
314,17,2005,13.15530968
315,17,2005,13.90521812
316,17,2005,5.57707214
317,17,2005,16.66615295
318,17,2005,11.43558979
319,17,2005,11.35830498
320,17,2005,16.10535622
321,17,2005,18.25286674
322,17,2005,9.56954479
323,17,2005,13.67860889
324,17,2005,11.53032875
325,17,2005,13.06986713
326,17,2005,9.33693027
327,17,2005,10.04997158
328,17,2005,13.79857063
329,17,2005,14.12313175
330,17,2005,16.81942177
331,17,2005,
332,17,2005,14.58909702
333,17,2005,13.46777534
334,17,2005,16.27973175
335,17,2005,8.99514961
336,17,2005,14.63580132
337,17,2005,13.57666016
338,17,2005,13.16346741
339,17,2005,9.90451813
340,17,2005,19.72222137
341,17,2005,13.61884022
342,17,2005,12.46140289
343,17,2005,12.44736862
344,17,2005,14.39779758
345,17,2005,12.82578373
346,17,2005,9.39204693
347,17,2005,4.31515169
348,17,2005,10.3244648
349,17,2005,10.27287388
350,17,2005,8.43188095
351,17,2005,16.532938
352,17,2005,6.46768093
353,17,2005,4.38883734
354,17,2005,6.72386217
355,17,2005,2.93604422
356,17,2005,4.2081809
357,17,2005,7.65194798
358,17,2005,1.28611183
359,17,2005,6.25147295
360,17,2005,10.13588715
361,17,2005,10.5017271
362,17,2005,3.63453341
363,17,2005,15.90276814
364,17,2005,6.43293381
365,17,2005,9.89736652
366,17,2005,7.48882914
367,17,2005,9.63331604
368,17,2005,10.35953331
369,17,2005,17.75488091
370,17,2005,11.40622425
371,17,2005,5.91417122
372,17,2005,5.55390263
373,17,2005,6.46421432
374,17,2005,1.84308815
375,17,2005,9.4847002
376,17,2005,25.3666954
377,17,2005,17.37923622
378,17,2005,7.17272711
379,17,2005,8.61445904
380,17,2005,7.8258791
381,17,2005,6.60978031
382,17,2005,8.88237858
383,17,2005,10.4049387
384,17,2005,7.88790894
385,17,2005,23.7696476
386,17,2005,13.10979271
387,17,2005,11.57466888
388,17,2005,11.6995182
389,17,2005,8.66923904
196,17,2006,7.84512997
197,17,2006,4.7187376
198,17,2006,8.31231785
199,17,2006,8.17829704
200,17,2006,6.54068851
201,17,2006,6.48141956
202,17,2006,8.92111492
203,17,2006,5.18314695
204,17,2006,9.17757416
205,17,2006,7.14463902
206,17,2006,5.18173599
207,17,2006,2.08378863
208,17,2006,3.85718441
209,17,2006,2.49895263
210,17,2006,1.44399369
211,17,2006,1.62111926
212,17,2006,12.62098312
213,17,2006,5.07604218
214,17,2006,5.76007175
215,17,2006,6.30897522
216,17,2006,11.59992123
217,17,2006,1.87932241
218,17,2006,2.52350521
219,17,2006,6.81280947
220,17,2006,7.05384541
221,17,2006,4.25491762
222,17,2006,10.24659061
223,17,2006,5.29271793
224,17,2006,5.54589033
225,17,2006,3.55967808
226,17,2006,7.30248404
227,17,2006,5.67257071
228,17,2006,15.75332451
229,17,2006,13.54461861
230,17,2006,7.32234478
231,17,2006,7.20270061
232,17,2006,1.64842212
233,17,2006,8.2667284
234,17,2006,7.90729713
235,17,2006,5.45097542
236,17,2006,13.09509182
237,17,2006,
238,17,2006,3.83191919
239,17,2006,7.16084242
240,17,2006,13.50882816
241,17,2006,6.74704027
242,17,2006,
243,17,2006,8.368083
244,17,2006,15.09950352
245,17,2006,12.72621727
246,17,2006,12.22062492
247,17,2006,9.33244514
248,17,2006,8.75200176
249,17,2006,8.28522778
250,17,2006,16.76576424
251,17,2006,13.40539932
252,17,2006,16.05757141
253,17,2006,30.26260757
254,17,2006,11.20564365
255,17,2006,8.74014854
256,17,2006,8.26970291
257,17,2006,8.56826591
258,17,2006,19.30836487
259,17,2006,6.30969524
260,17,2006,14.5871048
261,17,2006,5.69657898
262,17,2006,2.994277
263,17,2006,13.42183208
264,17,2006,6.25744629
265,17,2006,10.73126125
266,17,2006,13.40531254
267,17,2006,18.54950142
268,17,2006,11.91111469
269,17,2006,11.56533909
270,17,2006,6.85759354
271,17,2006,6.3106761
272,17,2006,8.33322239
273,17,2006,12.23231316
274,17,2006,5.90168571
275,17,2006,18.57419968
276,17,2006,13.70522308
277,17,2006,
278,17,2006,2.7260592
279,17,2006,8.94466305
280,17,2006,7.23246288
281,17,2006,5.04994678
282,17,2006,9.6129694
283,17,2006,3.0470798
284,17,2006,11.36012363
285,17,2006,4.34875584
286,17,2006,9.82933903
287,17,2006,5.27548695
288,17,2006,5.01113462
289,17,2006,6.95828247
290,17,2006,5.42304897
291,17,2006,3.20882916
292,17,2006,5.79555845
293,17,2006,9.68641186
294,17,2006,
295,17,2006,9.4422226
296,17,2006,6.73750305
297,17,2006,11.73456955
298,17,2006,8.52716255
299,17,2006,4.35058546
300,17,2006,9.0339222
301,17,2006,23.28826904
302,17,2006,7.93185902
303,17,2006,13.78215981
304,17,2006,3.42998004
305,17,2006,8.44287395
306,17,2006,13.94907475
307,17,2006,10.95802307
308,17,2006,10.79413986
309,17,2006,13.22086811
310,17,2006,6.04717827
311,17,2006,12.71145344
312,17,2006,15.43233299
313,17,2006,11.05736637
314,17,2006,13.57039928
315,17,2006,13.99930096
316,17,2006,5.23038626
317,17,2006,16.93153572
318,17,2006,11.27762222
319,17,2006,10.65500927
320,17,2006,15.56947994
321,17,2006,17.42926025
322,17,2006,9.84778023
323,17,2006,13.72484303
324,17,2006,11.72052765
325,17,2006,14.45895767
326,17,2006,9.62257767
327,17,2006,10.62221146
328,17,2006,14.11738968
329,17,2006,14.30075455
330,17,2006,16.07335281
331,17,2006,
332,17,2006,13.81190681
333,17,2006,13.40144539
334,17,2006,16.00895882
335,17,2006,9.0044136
336,17,2006,13.11571312
337,17,2006,12.89050865
338,17,2006,11.28106403
339,17,2006,10.13223743
340,17,2006,19.72222137
341,17,2006,12.53220367
342,17,2006,12.29478168
343,17,2006,12.32472229
344,17,2006,14.68614006
345,17,2006,12.97792053
346,17,2006,9.34170818
347,17,2006,4.3291769
348,17,2006,10.41202736
349,17,2006,10.33549213
350,17,2006,8.69689655
351,17,2006,17.23350143
352,17,2006,7.8006072
353,17,2006,4.7282033
354,17,2006,6.82967377
355,17,2006,2.88599753
356,17,2006,4.51138687
357,17,2006,8.44608021
358,17,2006,1.91135538
359,17,2006,7.58403015
360,17,2006,9.56101894
361,17,2006,12.11568642
362,17,2006,4.0001564
363,17,2006,15.93996811
364,17,2006,5.81376076
365,17,2006,7.41110468
366,17,2006,7.56382084
367,17,2006,9.63110352
368,17,2006,9.96885777
369,17,2006,17.86665344
370,17,2006,11.40626049
371,17,2006,4.36346436
372,17,2006,6.5490737
373,17,2006,10.61153984
374,17,2006,1.7509129
375,17,2006,9.51160336
376,17,2006,26.08400536
377,17,2006,17.93933105
378,17,2006,39.68181992
379,17,2006,7.98250914
380,17,2006,8.3770504
381,17,2006,6.63096142
382,17,2006,9.59643841
383,17,2006,12.41772175
384,17,2006,7.84840441
385,17,2006,18.01275253
386,17,2006,11.15502167
387,17,2006,9.88550949
388,17,2006,10.6744833
389,17,2006,8.76698685
196,17,2007,7.63073635
197,17,2007,4.51627111
198,17,2007,6.1193018
199,17,2007,8.17829704
200,17,2007,6.27068281
201,17,2007,6.3231554
202,17,2007,10.09019661
203,17,2007,4.22608185
204,17,2007,9.87465954
205,17,2007,5.99494457
206,17,2007,4.33239365
207,17,2007,2.05207968
208,17,2007,4.57922173
209,17,2007,2.49895263
210,17,2007,1.47166014
211,17,2007,2.37287188
212,17,2007,12.37345791
213,17,2007,6.49598169
214,17,2007,6.36190653
215,17,2007,6.30897522
216,17,2007,9.83570862
217,17,2007,2.77464008
218,17,2007,2.52350521
219,17,2007,7.03938627
220,17,2007,9.6424675
221,17,2007,4.25491762
222,17,2007,11.84111977
223,17,2007,3.54459715
224,17,2007,4.63811064
225,17,2007,3.88567042
226,17,2007,6.8428731
227,17,2007,5.60290384
228,17,2007,17.97894859
229,17,2007,8.63178158
230,17,2007,4.29357767
231,17,2007,7.79290724
232,17,2007,4.27544117
233,17,2007,5.94807863
234,17,2007,7.26253414
235,17,2007,5.45097542
236,17,2007,13.50931835
237,17,2007,
238,17,2007,4.34495354
239,17,2007,7.79203367
240,17,2007,10.88657188
241,17,2007,7.46810293
242,17,2007,
243,17,2007,8.45184612
244,17,2007,14.39874649
245,17,2007,13.49935532
246,17,2007,10.52801514
247,17,2007,10.76810741
248,17,2007,8.50024891
249,17,2007,8.38031673
250,17,2007,17.05416107
251,17,2007,13.59831047
252,17,2007,16.2844429
253,17,2007,31.73869324
254,17,2007,14.48143005
255,17,2007,7.09984493
256,17,2007,10.32302856
257,17,2007,8.82739544
258,17,2007,17.98424721
259,17,2007,7.25542021
260,17,2007,14.23033047
261,17,2007,6.60877609
262,17,2007,7.11358404
263,17,2007,13.63652325
264,17,2007,8.22749615
265,17,2007,10.71415234
266,17,2007,14.67852211
267,17,2007,22.23812294
268,17,2007,12.69455528
269,17,2007,11.58643723
270,17,2007,6.48289871
271,17,2007,6.90207386
272,17,2007,7.85957575
273,17,2007,11.44394779
274,17,2007,7.45142078
275,17,2007,18.49819565
276,17,2007,13.53648949
277,17,2007,
278,17,2007,2.61078191
279,17,2007,9.06652737
280,17,2007,6.52659225
281,17,2007,5.01764584
282,17,2007,11.53469467
283,17,2007,4.6332202
284,17,2007,12.51918411
285,17,2007,4.87055826
286,17,2007,9.98217583
287,17,2007,4.81298208
288,17,2007,5.35828495
289,17,2007,7.4269166
290,17,2007,5.58193493
291,17,2007,2.82065868
292,17,2007,5.25385904
293,17,2007,8.51324272
294,17,2007,
295,17,2007,10.46531487
296,17,2007,6.85482645
297,17,2007,11.84733677
298,17,2007,8.52688599
299,17,2007,3.87601113
300,17,2007,9.37710953
301,17,2007,21.89482689
302,17,2007,7.19854879
303,17,2007,14.09157562
304,17,2007,3.49033976
305,17,2007,8.12453842
306,17,2007,13.94859219
307,17,2007,11.32833004
308,17,2007,9.10506821
309,17,2007,13.89749432
310,17,2007,6.14984655
311,17,2007,12.40300465
312,17,2007,15.74048042
313,17,2007,11.48986721
314,17,2007,13.64715004
315,17,2007,13.95229912
316,17,2007,3.95363283
317,17,2007,17.40883636
318,17,2007,11.30030632
319,17,2007,9.79407406
320,17,2007,15.31141949
321,17,2007,17.35766602
322,17,2007,9.87814236
323,17,2007,13.47591782
324,17,2007,7.57602596
325,17,2007,10.42505074
326,17,2007,9.7149601
327,17,2007,10.75255203
328,17,2007,14.06171227
329,17,2007,13.33220863
330,17,2007,15.54227734
331,17,2007,
332,17,2007,13.96673584
333,17,2007,12.84653187
334,17,2007,16.14440536
335,17,2007,9.54057884
336,17,2007,13.03408241
337,17,2007,13.18110943
338,17,2007,10.90114307
339,17,2007,9.22400856
340,17,2007,19.72222137
341,17,2007,13.55892181
342,17,2007,13.55740452
343,17,2007,12.1538229
344,17,2007,14.585186
345,17,2007,13.37620831
346,17,2007,9.55602741
347,17,2007,5.30023098
348,17,2007,10.77193069
349,17,2007,10.32131672
350,17,2007,8.16024208
351,17,2007,17.15899467
352,17,2007,7.23850489
353,17,2007,5.07518816
354,17,2007,7.46379232
355,17,2007,2.78734279
356,17,2007,5.43744278
357,17,2007,11.2455492
358,17,2007,1.43302906
359,17,2007,5.17588425
360,17,2007,9.32690334
361,17,2007,12.38446522
362,17,2007,1.27376139
363,17,2007,16.49022293
364,17,2007,5.77389574
365,17,2007,6.7482748
366,17,2007,7.90135717
367,17,2007,9.63097668
368,17,2007,10.59320831
369,17,2007,18.22702217
370,17,2007,11.375
371,17,2007,3.90299487
372,17,2007,6.27600908
373,17,2007,9.56311893
374,17,2007,1.70677793
375,17,2007,8.16387272
376,17,2007,25.44540215
377,17,2007,18.14679909
378,17,2007,11.8391304
379,17,2007,6.94343662
380,17,2007,9.06886101
381,17,2007,6.46384048
382,17,2007,10.11632633
383,17,2007,10.55648518
384,17,2007,10.34652805
385,17,2007,13.02618885
386,17,2007,13.68093872
387,17,2007,10.70711422
388,17,2007,9.90409565
389,17,2007,7.93691111
196,17,2008,7.68720913
197,17,2008,4.0603714
198,17,2008,5.10336447
199,17,2008,7.64480686
200,17,2008,7.32152605
201,17,2008,3.78774738
202,17,2008,8.10699081
203,17,2008,3.46105146
204,17,2008,5.28350496
205,17,2008,4.2314992
206,17,2008,2.86453962
207,17,2008,4.54892206
208,17,2008,4.65788126
209,17,2008,2.49895263
210,17,2008,1.49703324
211,17,2008,2.37287188
212,17,2008,13.34263515
213,17,2008,2.74178195
214,17,2008,5.61290503
215,17,2008,6.30897522
216,17,2008,9.89629364
217,17,2008,2.67317295
218,17,2008,2.52350521
219,17,2008,7.17080498
220,17,2008,8.08101749
221,17,2008,4.25491762
222,17,2008,8.98169422
223,17,2008,6.62496853
224,17,2008,3.79411221
225,17,2008,4.48034525
226,17,2008,6.12254477
227,17,2008,5.66810656
228,17,2008,14.54984188
229,17,2008,9.1883316
230,17,2008,4.59404516
231,17,2008,8.0763216
232,17,2008,4.01797581
233,17,2008,6.62481499
234,17,2008,8.90184402
235,17,2008,4.41303635
236,17,2008,13.01471424
237,17,2008,
238,17,2008,4.84371662
239,17,2008,7.2500844
240,17,2008,12.48550034
241,17,2008,8.14711761
242,17,2008,
243,17,2008,8.08106136
244,17,2008,14.65606022
245,17,2008,14.47344971
246,17,2008,11.27821255
247,17,2008,13.38402843
248,17,2008,7.64689112
249,17,2008,8.40913963
250,17,2008,17.26784515
251,17,2008,13.46145725
252,17,2008,16.6930294
253,17,2008,33.36737442
254,17,2008,13.17769623
255,17,2008,7.28526783
256,17,2008,11.47650242
257,17,2008,6.15163374
258,17,2008,16.65882492
259,17,2008,7.03745365
260,17,2008,15.49126434
261,17,2008,7.0215044
262,17,2008,7.42596531
263,17,2008,12.56671429
264,17,2008,8.35763645
265,17,2008,9.43475246
266,17,2008,14.58318424
267,17,2008,20.08969498
268,17,2008,12.99318123
269,17,2008,10.98999786
270,17,2008,6.09010553
271,17,2008,7.21546507
272,17,2008,8.15413094
273,17,2008,10.23190498
274,17,2008,6.55431318
275,17,2008,18.201231
276,17,2008,17.32947922
277,17,2008,
278,17,2008,3.00392056
279,17,2008,8.83426571
280,17,2008,6.34888077
281,17,2008,4.69924688
282,17,2008,9.47516823
283,17,2008,4.14425755
284,17,2008,15.12543488
285,17,2008,3.69263697
286,17,2008,8.95981979
287,17,2008,3.70079064
288,17,2008,5.31417799
289,17,2008,8.50026321
290,17,2008,5.40967321
291,17,2008,2.22328711
292,17,2008,5.19438267
293,17,2008,7.08181906
294,17,2008,
295,17,2008,8.78631306
296,17,2008,6.83824778
297,17,2008,11.84145737
298,17,2008,8.52666855
299,17,2008,3.88588715
300,17,2008,7.25106478
301,17,2008,24.80569077
302,17,2008,6.69246197
303,17,2008,14.38890553
304,17,2008,2.75191212
305,17,2008,5.80340672
306,17,2008,14.30642509
307,17,2008,10.9186964
308,17,2008,9.39310265
309,17,2008,13.94763851
310,17,2008,6.51698303
311,17,2008,12.54553795
312,17,2008,15.85259914
313,17,2008,11.4233017
314,17,2008,13.73692036
315,17,2008,13.91539669
316,17,2008,4.83068514
317,17,2008,17.45852661
318,17,2008,11.3433733
319,17,2008,9.85157299
320,17,2008,10.82198143
321,17,2008,17.41835403
322,17,2008,9.93289471
323,17,2008,13.85614204
324,17,2008,8.41329765
325,17,2008,10.38534927
326,17,2008,8.80106544
327,17,2008,11.67387962
328,17,2008,14.40140057
329,17,2008,12.07304955
330,17,2008,16.29159355
331,17,2008,
332,17,2008,14.42208195
333,17,2008,12.53623104
334,17,2008,16.50714111
335,17,2008,10.27786732
336,17,2008,13.21014977
337,17,2008,12.7215929
338,17,2008,10.79291916
339,17,2008,9.59382248
340,17,2008,19.72222137
341,17,2008,12.93137169
342,17,2008,14.05093288
343,17,2008,12.58082104
344,17,2008,14.82255077
345,17,2008,13.53749371
346,17,2008,9.77972221
347,17,2008,6.78862953
348,17,2008,11.09309196
349,17,2008,8.7096386
350,17,2008,6.77591944
351,17,2008,16.57486534
352,17,2008,7.23448753
353,17,2008,3.84091425
354,17,2008,6.02861881
355,17,2008,2.79898262
356,17,2008,4.6298461
357,17,2008,17.98668861
358,17,2008,1.31609464
359,17,2008,5.31127596
360,17,2008,8.72877598
361,17,2008,13.49731636
362,17,2008,2.77694035
363,17,2008,15.61295509
364,17,2008,6.20709467
365,17,2008,6.6590457
366,17,2008,7.7085824
367,17,2008,9.63228607
368,17,2008,9.78181839
369,17,2008,18.09814644
370,17,2008,12.69064713
371,17,2008,3.19745922
372,17,2008,5.93352127
373,17,2008,9.3922205
374,17,2008,2.67331004
375,17,2008,8.55250454
376,17,2008,13.31953335
377,17,2008,18.35853958
378,17,2008,15.78875828
379,17,2008,6.87531042
380,17,2008,7.66453409
381,17,2008,6.51014423
382,17,2008,9.79573822
383,17,2008,12.51867199
384,17,2008,8.65292072
385,17,2008,9.07382584
386,17,2008,12.08120918
387,17,2008,11.082201
388,17,2008,8.17907619
389,17,2008,8.12048721
196,17,2009,8.64468479
197,17,2009,5.77788925
198,17,2009,5.1059413
199,17,2009,6.25206232
200,17,2009,7.62939405
201,17,2009,5.4775238
202,17,2009,8.30945301
203,17,2009,3.04738736
204,17,2009,4.57551003
205,17,2009,3.54986572
206,17,2009,2.77465606
207,17,2009,2.52816463
208,17,2009,5.82132435
209,17,2009,2.49895263
210,17,2009,1.4756577
211,17,2009,2.37287188
212,17,2009,13.33174038
213,17,2009,5.30019999
214,17,2009,6.81763697
215,17,2009,6.30897522
216,17,2009,12.35655785
217,17,2009,1.60156095
218,17,2009,2.52350521
219,17,2009,7.2007761
220,17,2009,7.32304907
221,17,2009,5.04660225
222,17,2009,10.45279503
223,17,2009,5.23243809
224,17,2009,2.92606306
225,17,2009,4.47624159
226,17,2009,6.28173685
227,17,2009,4.9652133
228,17,2009,10.81812954
229,17,2009,8.69414043
230,17,2009,3.69395757
231,17,2009,8.43024445
232,17,2009,3.2723732
233,17,2009,6.66027403
234,17,2009,7.43247128
235,17,2009,5.60554171
236,17,2009,13.36997318
237,17,2009,
238,17,2009,4.77685833
239,17,2009,7.03202295
240,17,2009,7.58396149
241,17,2009,9.36578655
242,17,2009,
243,17,2009,6.33139181
244,17,2009,16.42263222
245,17,2009,15.00968552
246,17,2009,11.655159
247,17,2009,12.48273087
248,17,2009,9.51188183
249,17,2009,8.88783264
250,17,2009,17.31643105
251,17,2009,13.60349178
252,17,2009,17.0406208
253,17,2009,33.47280121
254,17,2009,14.93230438
255,17,2009,7.4169898
256,17,2009,14.43360138
257,17,2009,7.4589715
258,17,2009,15.81473637
259,17,2009,7.98257256
260,17,2009,16.02617264
261,17,2009,7.41419315
262,17,2009,6.77164745
263,17,2009,13.9932375
264,17,2009,7.45104456
265,17,2009,10.29210663
266,17,2009,16.76971817
267,17,2009,20.5123024
268,17,2009,14.07027435
269,17,2009,11.67159462
270,17,2009,6.49729109
271,17,2009,7.39783144
272,17,2009,8.06542397
273,17,2009,9.52487564
274,17,2009,7.05066872
275,17,2009,18.22518158
276,17,2009,17.27192497
277,17,2009,
278,17,2009,2.51478314
279,17,2009,11.16572762
280,17,2009,6.1399169
281,17,2009,4.71808481
282,17,2009,12.3770647
283,17,2009,4.73372602
284,17,2009,17.915905
285,17,2009,5.17794514
286,17,2009,8.34239483
287,17,2009,4.08903933
288,17,2009,6.12304688
289,17,2009,8.17275143
290,17,2009,6.01545334
291,17,2009,2.96312976
292,17,2009,4.64607239
293,17,2009,7.5224123
294,17,2009,
295,17,2009,14.01954556
296,17,2009,5.95036459
297,17,2009,12.0754261
298,17,2009,8.52688885
299,17,2009,3.71630144
300,17,2009,7.21709204
301,17,2009,16.87077713
302,17,2009,6.34490108
303,17,2009,13.75788116
304,17,2009,3.28483939
305,17,2009,6.73101664
306,17,2009,14.3937521
307,17,2009,12.523983
308,17,2009,9.03616238
309,17,2009,13.62657642
310,17,2009,6.53122473
311,17,2009,13.54464912
312,17,2009,15.94620609
313,17,2009,11.39671612
314,17,2009,13.38422298
315,17,2009,13.95940399
316,17,2009,5.88417959
317,17,2009,17.63837624
318,17,2009,11.88302231
319,17,2009,9.71099281
320,17,2009,13.37118816
321,17,2009,17.30187988
322,17,2009,9.99487972
323,17,2009,13.71444511
324,17,2009,11.36352253
325,17,2009,10.6962328
326,17,2009,8.06970215
327,17,2009,11.77774429
328,17,2009,14.11613178
329,17,2009,12.49854469
330,17,2009,19.1873455
331,17,2009,
332,17,2009,14.19940567
333,17,2009,12.19207191
334,17,2009,16.47738075
335,17,2009,10.49985504
336,17,2009,12.87034893
337,17,2009,12.87592316
338,17,2009,10.3975172
339,17,2009,9.07605648
340,17,2009,20.10869598
341,17,2009,13.46972656
342,17,2009,12.82150745
343,17,2009,12.46062183
344,17,2009,14.78956127
345,17,2009,13.81417751
346,17,2009,9.97373199
347,17,2009,4.59137583
348,17,2009,11.6733017
349,17,2009,8.7062273
350,17,2009,7.91855955
351,17,2009,17.23506927
352,17,2009,7.26864672
353,17,2009,4.11533833
354,17,2009,6.19368172
355,17,2009,3.1219337
356,17,2009,5.41294384
357,17,2009,15.74485779
358,17,2009,1.43538499
359,17,2009,4.69078159
360,17,2009,7.83871508
361,17,2009,12.45869255
362,17,2009,2.66319609
363,17,2009,15.88237
364,17,2009,6.21688652
365,17,2009,5.96768332
366,17,2009,8.37523174
367,17,2009,10.85850143
368,17,2009,8.37036991
369,17,2009,18.05703545
370,17,2009,10.90298462
371,17,2009,5.70376587
372,17,2009,5.86503458
373,17,2009,9.85496807
374,17,2009,1.55228293
375,17,2009,8.74871159
376,17,2009,9.25016594
377,17,2009,18.71948814
378,17,2009,18.98764229
379,17,2009,9.42625618
380,17,2009,6.31518459
381,17,2009,6.64473581
382,17,2009,10.08799362
383,17,2009,12.67088604
384,17,2009,7.14675617
385,17,2009,7.73368168
386,17,2009,12.71696186
387,17,2009,10.03053665
388,17,2009,7.26793289
389,17,2009,6.85301065
196,17,2010,9.18787575
197,17,2010,4.24956799
198,17,2010,5.34460402
199,17,2010,8.06093502
200,17,2010,6.03235245
201,17,2010,4.86066389
202,17,2010,7.22943211
203,17,2010,2.67579794
204,17,2010,3.3422184
205,17,2010,3.49792719
206,17,2010,2.83923602
207,17,2010,3.60210204
208,17,2010,5.80678844
209,17,2010,2.49895263
210,17,2010,1.45523047
211,17,2010,2.37287188
212,17,2010,13.75653362
213,17,2010,5.10711384
214,17,2010,6.81337643
215,17,2010,6.30897522
216,17,2010,11.91557407
217,17,2010,1.76970637
218,17,2010,2.52350521
219,17,2010,7.24412632
220,17,2010,7.1979928
221,17,2010,5.04660225
222,17,2010,15.20980263
223,17,2010,5.77464294
224,17,2010,3.30154061
225,17,2010,4.22304821
226,17,2010,8.29588032
227,17,2010,4.67241478
228,17,2010,11.91450977
229,17,2010,9.17788696
230,17,2010,2.70293093
231,17,2010,8.55642414
232,17,2010,4.10028458
233,17,2010,5.35332537
234,17,2010,8.98343086
235,17,2010,6.5142417
236,17,2010,14.11525917
237,17,2010,
238,17,2010,7.44585991
239,17,2010,7.11343718
240,17,2010,7.32137966
241,17,2010,8.63391781
242,17,2010,15.22310734
243,17,2010,13.89639091
244,17,2010,16.69264221
245,17,2010,15.44239426
246,17,2010,10.72880936
247,17,2010,12.76388073
248,17,2010,9.7059021
249,17,2010,8.48346615
250,17,2010,17.38419342
251,17,2010,13.68902302
252,17,2010,16.82773972
253,17,2010,32.18240356
254,17,2010,13.86582184
255,17,2010,7.44341135
256,17,2010,15.67889881
257,17,2010,8.4362812
258,17,2010,17.08551788
259,17,2010,7.35750103
260,17,2010,14.24816608
261,17,2010,7.60515261
262,17,2010,6.43094063
263,17,2010,13.96672344
264,17,2010,9.03293228
265,17,2010,10.41032505
266,17,2010,15.73639107
267,17,2010,19.39173889
268,17,2010,14.55998135
269,17,2010,11.6243124
270,17,2010,6.29217625
271,17,2010,6.98113108
272,17,2010,8.20729446
273,17,2010,9.46824646
274,17,2010,8.04406071
275,17,2010,18.43406677
276,17,2010,17.25056648
277,17,2010,
278,17,2010,2.2567358
279,17,2010,8.23034191
280,17,2010,6.97048712
281,17,2010,4.36156321
282,17,2010,12.52360535
283,17,2010,4.80274534
284,17,2010,17.02058601
285,17,2010,4.98143959
286,17,2010,10.28593254
287,17,2010,4.33412743
288,17,2010,6.06429052
289,17,2010,9.46368885
290,17,2010,6.69591188
291,17,2010,2.88965487
292,17,2010,4.149333
293,17,2010,6.84370041
294,17,2010,
295,17,2010,9.48801804
296,17,2010,5.12483168
297,17,2010,13.03182125
298,17,2010,8.52679062
299,17,2010,3.84780169
300,17,2010,8.09451294
301,17,2010,24.52881241
302,17,2010,6.43608856
303,17,2010,14.00380135
304,17,2010,3.17126107
305,17,2010,8.68532658
306,17,2010,14.42987537
307,17,2010,12.60088634
308,17,2010,10.84995937
309,17,2010,13.87585354
310,17,2010,7.13188076
311,17,2010,14.69500732
312,17,2010,15.7724762
313,17,2010,12.01817799
314,17,2010,13.32010746
315,17,2010,13.90193653
316,17,2010,6.15339756
317,17,2010,17.44530869
318,17,2010,12.48647785
319,17,2010,10.1666851
320,17,2010,13.68504238
321,17,2010,12.35386944
322,17,2010,10.6493597
323,17,2010,14.01011372
324,17,2010,8.20522785
325,17,2010,9.20363903
326,17,2010,8.00768471
327,17,2010,11.43047142
328,17,2010,13.62410641
329,17,2010,12.78725624
330,17,2010,19.50414658
331,17,2010,
332,17,2010,14.42486954
333,17,2010,12.50852871
334,17,2010,16.61421394
335,17,2010,9.97937679
336,17,2010,12.85804081
337,17,2010,13.62691975
338,17,2010,11.41027546
339,17,2010,8.59383297
340,17,2010,21.96531868
341,17,2010,13.56146622
342,17,2010,12.91620064
343,17,2010,12.35271358
344,17,2010,14.74672127
345,17,2010,13.60485172
346,17,2010,10.32833004
347,17,2010,4.56338024
348,17,2010,10.90076447
349,17,2010,8.7116909
350,17,2010,7.50049877
351,17,2010,17.01038551
352,17,2010,8.03938007
353,17,2010,4.43941641
354,17,2010,5.64934969
355,17,2010,3.11162996
356,17,2010,3.91489601
357,17,2010,13.5430336
358,17,2010,1.35219908
359,17,2010,4.80506372
360,17,2010,7.83482218
361,17,2010,11.56414127
362,17,2010,2.71049976
363,17,2010,16.11460304
364,17,2010,5.77683496
365,17,2010,6.51964235
366,17,2010,8.7509222
367,17,2010,9.53786278
368,17,2010,8.79444408
369,17,2010,18.93296623
370,17,2010,10.44525528
371,17,2010,2.69455552
372,17,2010,6.31136417
373,17,2010,8.17608261
374,17,2010,1.77375948
375,17,2010,7.74286652
376,17,2010,10.2488699
377,17,2010,17.60284233
378,17,2010,6.93622971
379,17,2010,8.68756962
380,17,2010,7.0693121
381,17,2010,7.18279028
382,17,2010,11.28866768
383,17,2010,13.22879696
384,17,2010,10.94287872
385,17,2010,7.0789175
386,17,2010,10.06633854
387,17,2010,13.99229622
388,17,2010,6.84814739
389,17,2010,8.6057291
196,17,2011,9.03425121
197,17,2011,4.58056879
198,17,2011,4.4236145
199,17,2011,9.63225174
200,17,2011,6.58739376
201,17,2011,8.22791386
202,17,2011,8.60780239
203,17,2011,3.21048117
204,17,2011,2.93374562
205,17,2011,3.68802667
206,17,2011,7.23844337
207,17,2011,2.33683133
208,17,2011,4.39369249
209,17,2011,2.53201437
210,17,2011,1.47296762
211,17,2011,2.37287188
212,17,2011,14.27736378
213,17,2011,2.09114432
214,17,2011,7.18316364
215,17,2011,6.30897522
216,17,2011,12.07416821
217,17,2011,3.18154812
218,17,2011,2.52350521
219,17,2011,7.98109102
220,17,2011,8.19887447
221,17,2011,5.04660225
222,17,2011,13.9367857
223,17,2011,6.77999687
224,17,2011,2.94121766
225,17,2011,4.40092897
226,17,2011,7.36220407
227,17,2011,4.34422016
228,17,2011,10.63667202
229,17,2011,8.29973888
230,17,2011,2.77141333
231,17,2011,8.90067959
232,17,2011,4.30936193
233,17,2011,5.62811661
234,17,2011,8.29314232
235,17,2011,5.35433006
236,17,2011,14.67442226
237,17,2011,
238,17,2011,5.66925287
239,17,2011,6.89700985
240,17,2011,6.76211929
241,17,2011,8.0581131
242,17,2011,9.12156105
243,17,2011,12.98978615
244,17,2011,16.27754211
245,17,2011,13.89659977
246,17,2011,10.61124134
247,17,2011,12.69621658
248,17,2011,8.54341412
249,17,2011,8.23860741
250,17,2011,17.59642792
251,17,2011,14.01050568
252,17,2011,16.48455429
253,17,2011,33.18463135
254,17,2011,15.09354115
255,17,2011,9.09039211
256,17,2011,17.06970024
257,17,2011,7.96525431
258,17,2011,18.98602867
259,17,2011,8.53557777
260,17,2011,13.75957489
261,17,2011,8.62060642
262,17,2011,2.98430157
263,17,2011,15.02672482
264,17,2011,9.52876663
265,17,2011,10.5141964
266,17,2011,15.00097656
267,17,2011,18.09329414
268,17,2011,15.83436584
269,17,2011,11.69203568
270,17,2011,6.31164551
271,17,2011,6.73028851
272,17,2011,8.15968227
273,17,2011,8.51203823
274,17,2011,8.00888062
275,17,2011,18.92724609
276,17,2011,18.4862957
277,17,2011,
278,17,2011,2.18811917
279,17,2011,8.0526104
280,17,2011,8.47449207
281,17,2011,4.82708216
282,17,2011,12.03891277
283,17,2011,4.79862404
284,17,2011,15.41755867
285,17,2011,4.98376083
286,17,2011,12.40328121
287,17,2011,6.4195838
288,17,2011,5.79278231
289,17,2011,9.85453892
290,17,2011,5.30402422
291,17,2011,2.54317451
292,17,2011,4.12907839
293,17,2011,7.57989597
294,17,2011,
295,17,2011,7.03567696
296,17,2011,3.73561525
297,17,2011,12.38613319
298,17,2011,8.52676678
299,17,2011,3.65991807
300,17,2011,8.29091167
301,17,2011,23.76626968
302,17,2011,6.70101976
303,17,2011,14.31893921
304,17,2011,2.81601381
305,17,2011,7.66490793
306,17,2011,14.26799011
307,17,2011,13.38013935
308,17,2011,11.41062927
309,17,2011,12.95500469
310,17,2011,7.24581718
311,17,2011,14.7419138
312,17,2011,15.4799757
313,17,2011,12.03691864
314,17,2011,13.60760593
315,17,2011,13.94986153
316,17,2011,5.04166079
317,17,2011,17.96772194
318,17,2011,10.95836353
319,17,2011,10.09751129
320,17,2011,13.0895977
321,17,2011,16.17975807
322,17,2011,10.64506721
323,17,2011,13.74120235
324,17,2011,8.67686558
325,17,2011,9.88331318
326,17,2011,8.59303761
327,17,2011,10.72846985
328,17,2011,11.96399975
329,17,2011,12.97762489
330,17,2011,19.10724831
331,17,2011,10.73071766
332,17,2011,14.84096527
333,17,2011,12.73551083
334,17,2011,16.79300117
335,17,2011,10.0532856
336,17,2011,12.54797745
337,17,2011,13.03699017
338,17,2011,8.80635357
339,17,2011,9.03166866
340,17,2011,28.19811058
341,17,2011,13.37896156
342,17,2011,12.72623062
343,17,2011,12.13000107
344,17,2011,14.59655094
345,17,2011,17.67425919
346,17,2011,10.57389641
347,17,2011,5.37597609
348,17,2011,11.10035706
349,17,2011,8.70032692
350,17,2011,7.49281168
351,17,2011,17.56054688
352,17,2011,8.83177662
353,17,2011,4.18159103
354,17,2011,6.14636755
355,17,2011,3.38130069
356,17,2011,3.96251845
357,17,2011,11.76247597
358,17,2011,1.64683104
359,17,2011,4.8736372
360,17,2011,7.96512938
361,17,2011,12.84227848
362,17,2011,2.67680979
363,17,2011,16.32673645
364,17,2011,5.74302435
365,17,2011,6.21460676
366,17,2011,8.60284996
367,17,2011,8.81943417
368,17,2011,7.47411013
369,17,2011,21.69265366
370,17,2011,9.29220772
371,17,2011,1.81748676
372,17,2011,6.51518965
373,17,2011,9.30367947
374,17,2011,2.87407064
375,17,2011,5.62042999
376,17,2011,12.48200321
377,17,2011,17.8483448
378,17,2011,9.11029625
379,17,2011,9.56120396
380,17,2011,7.60423183
381,17,2011,6.16743231
382,17,2011,11.05073261
383,17,2011,10.89130402
384,17,2011,11.97459507
385,17,2011,7.42500019
386,17,2011,8.39936638
387,17,2011,15.06519794
388,17,2011,9.3939743
389,17,2011,9.1072073
196,17,2012,10.06144714
197,17,2012,4.20151329
198,17,2012,5.24633551
199,17,2012,10.68447876
200,17,2012,4.69605875
201,17,2012,7.11028194
202,17,2012,8.86496925
203,17,2012,3.73180342
204,17,2012,4.22331953
205,17,2012,3.96469712
206,17,2012,5.35224819
207,17,2012,2.67131019
208,17,2012,4.62200308
209,17,2012,3.87759209
210,17,2012,1.48931491
211,17,2012,2.37287188
212,17,2012,12.65477371
213,17,2012,6.40685463
214,17,2012,6.19158506
215,17,2012,6.30897522
216,17,2012,8.9727478
217,17,2012,2.56631088
218,17,2012,3.88817143
219,17,2012,7.35927916
220,17,2012,9.67431164
221,17,2012,5.04660225
222,17,2012,12.93699551
223,17,2012,5.09623861
224,17,2012,2.66254425
225,17,2012,4.16698551
226,17,2012,8.31904316
227,17,2012,4.3945961
228,17,2012,11.04577351
229,17,2012,6.24912119
230,17,2012,3.66798377
231,17,2012,8.36301804
232,17,2012,4.56686974
233,17,2012,5.30755901
234,17,2012,10.41374016
235,17,2012,4.75321102
236,17,2012,14.46731377
237,17,2012,
238,17,2012,6.10906744
239,17,2012,7.05044317
240,17,2012,6.00571394
241,17,2012,7.05769587
242,17,2012,9.79644012
243,17,2012,14.63236332
244,17,2012,16.66110992
245,17,2012,14.0604248
246,17,2012,12.40838051
247,17,2012,12.93638515
248,17,2012,8.31437492
249,17,2012,8.00187492
250,17,2012,18.18252754
251,17,2012,14.57309246
252,17,2012,16.19955254
253,17,2012,31.73282051
254,17,2012,11.49459648
255,17,2012,9.49375534
256,17,2012,13.96876812
257,17,2012,8.16057014
258,17,2012,16.2677002
259,17,2012,9.10919189
260,17,2012,14.31886292
261,17,2012,8.22607517
262,17,2012,2.78391457
263,17,2012,12.83597755
264,17,2012,9.15779209
265,17,2012,10.65864182
266,17,2012,15.56665039
267,17,2012,17.16231537
268,17,2012,16.47047997
269,17,2012,12.24156475
270,17,2012,7.22454405
271,17,2012,7.28393745
272,17,2012,10.48249531
273,17,2012,6.59049845
274,17,2012,7.65985489
275,17,2012,19.64052773
276,17,2012,18.63942528
277,17,2012,
278,17,2012,1.37000275
279,17,2012,8.29804993
280,17,2012,7.13329363
281,17,2012,4.38540936
282,17,2012,15.95811844
283,17,2012,2.3523643
284,17,2012,13.67097759
285,17,2012,5.11891651
286,17,2012,10.07938385
287,17,2012,7.41257477
288,17,2012,5.69545412
289,17,2012,9.59289837
290,17,2012,4.8770771
291,17,2012,3.17061043
292,17,2012,4.46552658
293,17,2012,8.25906754
294,17,2012,
295,17,2012,9.06086254
296,17,2012,4.47145319
297,17,2012,12.63853073
298,17,2012,8.52671432
299,17,2012,3.42734075
300,17,2012,8.69734573
301,17,2012,15.37074852
302,17,2012,7.04075432
303,17,2012,14.51292896
304,17,2012,3.04532456
305,17,2012,8.85453033
306,17,2012,14.2156353
307,17,2012,13.88334846
308,17,2012,11.17939663
309,17,2012,13.44300842
310,17,2012,7.13066578
311,17,2012,14.38220024
312,17,2012,15.31711006
313,17,2012,11.67207146
314,17,2012,13.79833984
315,17,2012,13.90549946
316,17,2012,5.50601006
317,17,2012,18.22804832
318,17,2012,10.00774956
319,17,2012,9.78315544
320,17,2012,13.8024044
321,17,2012,17.92598724
322,17,2012,10.79832745
323,17,2012,13.17385483
324,17,2012,9.44636345
325,17,2012,10.40071106
326,17,2012,8.41285229
327,17,2012,11.55478382
328,17,2012,10.58925629
329,17,2012,13.04852104
330,17,2012,19.28043365
331,17,2012,11.60591507
332,17,2012,15.34410477
333,17,2012,12.43339729
334,17,2012,17.17745781
335,17,2012,10.07312584
336,17,2012,12.10071278
337,17,2012,13.17397022
338,17,2012,9.58470821
339,17,2012,9.24172211
340,17,2012,26.05867577
341,17,2012,12.83907032
342,17,2012,13.03783798
343,17,2012,12.51105213
344,17,2012,13.3467474
345,17,2012,17.72868156
346,17,2012,10.93145657
347,17,2012,6.50301933
348,17,2012,10.30692196
349,17,2012,8.70549202
350,17,2012,7.64040852
351,17,2012,17.61323357
352,17,2012,9.76258659
353,17,2012,4.01620436
354,17,2012,6.45828485
355,17,2012,3.43849397
356,17,2012,4.07335424
357,17,2012,14.14015198
358,17,2012,2.31626892
359,17,2012,4.69186115
360,17,2012,8.06339073
361,17,2012,12.64099789
362,17,2012,3.20640516
363,17,2012,16.19138336
364,17,2012,5.44353485
365,17,2012,6.48858452
366,17,2012,9.03729343
367,17,2012,8.31772137
368,17,2012,7.50509167
369,17,2012,22.22449875
370,17,2012,8.36309528
371,17,2012,1.7665906
372,17,2012,6.54217672
373,17,2012,10.01976776
374,17,2012,2.14435935
375,17,2012,6.50338697
376,17,2012,8.76167297
377,17,2012,19.1836071
378,17,2012,4.82157469
379,17,2012,9.97045422
380,17,2012,8.12861252
381,17,2012,6.20142746
382,17,2012,10.98242855
383,17,2012,11.64214039
384,17,2012,13.21419811
385,17,2012,7.86222982
386,17,2012,8.68541527
387,17,2012,15.51164532
388,17,2012,9.40487003
389,17,2012,9.5150404
196,17,2013,11.70106602
197,17,2013,4.57540083
198,17,2013,5.1338048
199,17,2013,11.93448162
200,17,2013,6.38293219
201,17,2013,4.43170166
202,17,2013,9.02955627
203,17,2013,2.50095606
204,17,2013,7.33578825
205,17,2013,5.03679276
206,17,2013,4.449965
207,17,2013,2.20951629
208,17,2013,4.58988285
209,17,2013,3.90944052
210,17,2013,1.45938587
211,17,2013,2.37287188
212,17,2013,11.66008472
213,17,2013,6.19330263
214,17,2013,5.25754023
215,17,2013,6.30897522
216,17,2013,8.61669731
217,17,2013,2.62132335
218,17,2013,4.44277668
219,17,2013,7.14972067
220,17,2013,10.48774624
221,17,2013,1.24849629
222,17,2013,10.26806545
223,17,2013,7.15567255
224,17,2013,4.12891102
225,17,2013,5.38500309
226,17,2013,8.00718403
227,17,2013,4.72615862
228,17,2013,10.91460514
229,17,2013,6.55533648
230,17,2013,3.45903826
231,17,2013,8.30411816
232,17,2013,8.44008923
233,17,2013,5.299932
234,17,2013,8.48182392
235,17,2013,5.15012884
236,17,2013,14.33791637
237,17,2013,
238,17,2013,4.68965626
239,17,2013,7.32427549
240,17,2013,6.30686235
241,17,2013,5.45231676
242,17,2013,9.64621449
243,17,2013,13.30073166
244,17,2013,16.54238701
245,17,2013,14.02134514
246,17,2013,10.8070507
247,17,2013,12.2732029
248,17,2013,8.48752594
249,17,2013,8.34620094
250,17,2013,18.53983879
251,17,2013,15.41127777
252,17,2013,16.34110641
253,17,2013,29.45259285
254,17,2013,14.14057541
255,17,2013,9.59457207
256,17,2013,15.03563976
257,17,2013,8.25374889
258,17,2013,16.71699905
259,17,2013,8.09837151
260,17,2013,15.82706833
261,17,2013,8.81889057
262,17,2013,2.99849725
263,17,2013,11.81287098
264,17,2013,10.76929092
265,17,2013,11.24126339
266,17,2013,15.98526001
267,17,2013,17.5814743
268,17,2013,15.29556465
269,17,2013,12.31632423
270,17,2013,6.7117238
271,17,2013,8.15996075
272,17,2013,9.07220364
273,17,2013,7.03142166
274,17,2013,7.89306974
275,17,2013,20.36042213
276,17,2013,18.63327599
277,17,2013,
278,17,2013,1.77506959
279,17,2013,8.45688343
280,17,2013,6.73504782
281,17,2013,4.1566329
282,17,2013,16.04602051
283,17,2013,2.37589312
284,17,2013,13.12652111
285,17,2013,5.44841051
286,17,2013,10.79288769
287,17,2013,4.97124195
288,17,2013,6.00545788
289,17,2013,10.68764305
290,17,2013,5.58196163
291,17,2013,3.24930596
292,17,2013,6.17656279
293,17,2013,8.74786663
294,17,2013,5.53152275
295,17,2013,7.5176096
296,17,2013,5.93319607
297,17,2013,12.49827194
298,17,2013,8.52679825
299,17,2013,3.18082356
300,17,2013,8.83006287
301,17,2013,11.1890831
302,17,2013,5.78087997
303,17,2013,14.37263107
304,17,2013,2.82228613
305,17,2013,8.74394131
306,17,2013,14.31455326
307,17,2013,14.79470253
308,17,2013,10.69857979
309,17,2013,11.39267445
310,17,2013,7.36570358
311,17,2013,14.84314823
312,17,2013,15.62900543
313,17,2013,12.16880417
314,17,2013,13.7117548
315,17,2013,13.98373413
316,17,2013,6.85161304
317,17,2013,18.70073318
318,17,2013,8.25187302
319,17,2013,9.5679369
320,17,2013,14.38105679
321,17,2013,17.91931343
322,17,2013,10.90837765
323,17,2013,13.04798126
324,17,2013,9.324193
325,17,2013,10.34640503
326,17,2013,8.42394924
327,17,2013,11.29926682
328,17,2013,10.64737415
329,17,2013,14.06409073
330,17,2013,19.62597847
331,17,2013,10.68526936
332,17,2013,15.59178734
333,17,2013,13.9270525
334,17,2013,17.09642601
335,17,2013,10.49234486
336,17,2013,11.73484898
337,17,2013,12.49917507
338,17,2013,11.46755409
339,17,2013,9.14695454
340,17,2013,24.33996773
341,17,2013,13.17477703
342,17,2013,12.93723488
343,17,2013,10.19582081
344,17,2013,13.87859726
345,17,2013,17.73602486
346,17,2013,10.62408447
347,17,2013,6.86730862
348,17,2013,10.16432953
349,17,2013,8.70965767
350,17,2013,6.94465542
351,17,2013,18.13915825
352,17,2013,9.51825428
353,17,2013,3.61745524
354,17,2013,7.09804106
355,17,2013,3.23883247
356,17,2013,4.28101349
357,17,2013,15.93077755
358,17,2013,2.70770669
359,17,2013,4.88382769
360,17,2013,10.10018063
361,17,2013,12.16349411
362,17,2013,4.62444115
363,17,2013,15.4061203
364,17,2013,5.12074184
365,17,2013,6.64391565
366,17,2013,9.41684246
367,17,2013,8.0714674
368,17,2013,7.46682596
369,17,2013,22.21854019
370,17,2013,9.15950966
371,17,2013,2.94007111
372,17,2013,6.81631851
373,17,2013,11.06328106
374,17,2013,2.58381534
375,17,2013,7.10638714
376,17,2013,8.07032013
377,17,2013,19.19954872
378,17,2013,5.59121895
379,17,2013,11.46655846
380,17,2013,7.1877017
381,17,2013,6.46710253
382,17,2013,11.52522469
383,17,2013,13.1184063
384,17,2013,13.96146393
385,17,2013,7.63713312
386,17,2013,8.10862732
387,17,2013,12.36105442
388,17,2013,9.8027153
389,17,2013,8.16121387
196,17,2014,11.41803741
197,17,2014,3.61568022
198,17,2014,4.04459238
199,17,2014,10.95858192
200,17,2014,7.77367115
201,17,2014,9.79248333
202,17,2014,9.98307133
203,17,2014,2.9397316
204,17,2014,3.94678593
205,17,2014,5.54861546
206,17,2014,3.81965494
207,17,2014,1.9499675
208,17,2014,5.11125422
209,17,2014,3.98679423
210,17,2014,1.49042463
211,17,2014,2.37287188
212,17,2014,8.53680229
213,17,2014,4.08834219
214,17,2014,6.38458252
215,17,2014,5.75401974
216,17,2014,6.71953726
217,17,2014,3.02618742
218,17,2014,2.59810638
219,17,2014,7.8450079
220,17,2014,11.59240246
221,17,2014,2.46118927
222,17,2014,13.92414951
223,17,2014,8.58090496
224,17,2014,4.45473289
225,17,2014,5.24069929
226,17,2014,10.52838707
227,17,2014,4.31728172
228,17,2014,9.29264355
229,17,2014,5.40269423
230,17,2014,3.33638
231,17,2014,7.98190641
232,17,2014,7.77581406
233,17,2014,4.67551136
234,17,2014,9.73483181
235,17,2014,7.57988453
236,17,2014,14.9161272
237,17,2014,
238,17,2014,4.55810213
239,17,2014,7.00898075
240,17,2014,6.93784666
241,17,2014,7.78466225
242,17,2014,13.35706425
243,17,2014,15.10593987
244,17,2014,16.28527832
245,17,2014,14.2129097
246,17,2014,9.90992641
247,17,2014,12.23422432
248,17,2014,8.53603649
249,17,2014,8.37448597
250,17,2014,18.97963524
251,17,2014,15.69308376
252,17,2014,16.18276405
253,17,2014,29.58094978
254,17,2014,18.02447128
255,17,2014,9.61979961
256,17,2014,14.47596073
257,17,2014,9.03727245
258,17,2014,16.9780407
259,17,2014,7.29635763
260,17,2014,16.46030045
261,17,2014,9.41685009
262,17,2014,3.20148706
263,17,2014,11.55319595
264,17,2014,11.25196075
265,17,2014,10.34577084
266,17,2014,16.91161156
267,17,2014,18.86981583
268,17,2014,17.92904282
269,17,2014,13.09590244
270,17,2014,6.94898796
271,17,2014,8.1174612
272,17,2014,8.32666492
273,17,2014,6.89829826
274,17,2014,7.47479582
275,17,2014,21.47761154
276,17,2014,18.82110596
277,17,2014,
278,17,2014,1.86067402
279,17,2014,10.09125328
280,17,2014,6.07299089
281,17,2014,4.16148472
282,17,2014,22.59905243
283,17,2014,2.36959839
284,17,2014,13.06403065
285,17,2014,5.49223089
286,17,2014,12.38764
287,17,2014,5.71347761
288,17,2014,6.83858538
289,17,2014,9.71858978
290,17,2014,6.81304836
291,17,2014,3.34264088
292,17,2014,6.50387287
293,17,2014,9.27807522
294,17,2014,3.88025784
295,17,2014,10.61807156
296,17,2014,7.40168428
297,17,2014,13.54343796
298,17,2014,7.77782202
299,17,2014,2.82031083
300,17,2014,8.17427826
301,17,2014,21.67168999
302,17,2014,6.27526045
303,17,2014,14.34008408
304,17,2014,3.10700679
305,17,2014,8.68483829
306,17,2014,14.52102089
307,17,2014,14.43189335
308,17,2014,10.36410141
309,17,2014,11.39274597
310,17,2014,5.98328972
311,17,2014,14.96242809
312,17,2014,15.76567173
313,17,2014,12.55367756
314,17,2014,13.58576775
315,17,2014,14.15071583
316,17,2014,7.77956009
317,17,2014,19.16842651
318,17,2014,8.84689617
319,17,2014,9.39469337
320,17,2014,14.58802509
321,17,2014,18.02405739
322,17,2014,11.39859104
323,17,2014,13.1522131
324,17,2014,10.03429031
325,17,2014,7.13890553
326,17,2014,8.36928844
327,17,2014,11.86656666
328,17,2014,10.8537426
329,17,2014,13.90276718
330,17,2014,17.63056183
331,17,2014,10.98364925
332,17,2014,15.55338001
333,17,2014,12.67158699
334,17,2014,17.23254013
335,17,2014,10.47513771
336,17,2014,11.14972019
337,17,2014,12.75728226
338,17,2014,11.19048691
339,17,2014,9.16428947
340,17,2014,30.79091644
341,17,2014,12.02126503
342,17,2014,12.62564278
343,17,2014,11.79327965
344,17,2014,14.08523941
345,17,2014,18.14381027
346,17,2014,10.87016106
347,17,2014,7.56245518
348,17,2014,10.22958183
349,17,2014,8.71374321
350,17,2014,7.71915102
351,17,2014,18.42700768
352,17,2014,9.30243683
353,17,2014,3.59245324
354,17,2014,7.77876854
355,17,2014,3.25070548
356,17,2014,5.40550184
357,17,2014,16.8629303
358,17,2014,4.46881723
359,17,2014,5.26823664
360,17,2014,9.03347492
361,17,2014,12.66283321
362,17,2014,3.71855545
363,17,2014,17.64245605
364,17,2014,5.20392704
365,17,2014,5.70839739
366,17,2014,9.66088581
367,17,2014,9.14331818
368,17,2014,7.10427618
369,17,2014,22.57162476
370,17,2014,7.28000021
371,17,2014,2.7363534
372,17,2014,7.82402515
373,17,2014,10.18494606
374,17,2014,3.68983793
375,17,2014,7.48502493
376,17,2014,10.09282684
377,17,2014,19.46041298
378,17,2014,6.02916861
379,17,2014,11.44401455
380,17,2014,7.47008181
381,17,2014,7.50540447
382,17,2014,11.73864269
383,17,2014,12.84665871
384,17,2014,13.65520763
385,17,2014,8.34682465
386,17,2014,9.17687607
387,17,2014,12.67068005
388,17,2014,2.51647544
389,17,2014,9.12324142
196,17,2015,10.60481071
197,17,2015,4.56262541
198,17,2015,3.25478005
199,17,2015,10.41588783
200,17,2015,7.15264177
201,17,2015,10.44351768
202,17,2015,10.09395409
203,17,2015,1.81293964
204,17,2015,3.26452565
205,17,2015,5.24520254
206,17,2015,2.44571519
207,17,2015,2.70981026
208,17,2015,4.8747077
209,17,2015,4.10415363
210,17,2015,1.33363295
211,17,2015,2.37287188
212,17,2015,8.58170605
213,17,2015,5.57211685
214,17,2015,7.03487396
215,17,2015,5.0990448
216,17,2015,8.55785751
217,17,2015,1.97823358
218,17,2015,2.50101542
219,17,2015,8.07448006
220,17,2015,10.86027813
221,17,2015,3.24339032
222,17,2015,15.27427959
223,17,2015,9.72891998
224,17,2015,4.39033413
225,17,2015,5.53021097
226,17,2015,9.45841885
227,17,2015,5.55443764
228,17,2015,9.64580059
229,17,2015,4.58634472
230,17,2015,5.33124638
231,17,2015,7.9149456
232,17,2015,4.93684101
233,17,2015,4.69870329
234,17,2015,10.03016472
235,17,2015,6.20521784
236,17,2015,15.23773575
237,17,2015,
238,17,2015,4.03825331
239,17,2015,5.08453417
240,17,2015,7.33062935
241,17,2015,7.56145144
242,17,2015,7.55918026
243,17,2015,11.81753826
244,17,2015,16.49740791
245,17,2015,12.83696079
246,17,2015,9.07039738
247,17,2015,11.34556484
248,17,2015,9.65893555
249,17,2015,7.8409934
250,17,2015,19.07842636
251,17,2015,16.02235031
252,17,2015,17.03754425
253,17,2015,29.42484665
254,17,2015,18.2455864
255,17,2015,9.73140144
256,17,2015,14.19551849
257,17,2015,10.16171741
258,17,2015,17.73853302
259,17,2015,7.66007471
260,17,2015,18.10749817
261,17,2015,10.84070492
262,17,2015,4.40003729
263,17,2015,11.32879734
264,17,2015,12.82021999
265,17,2015,10.86458778
266,17,2015,17.62554932
267,17,2015,19.75140762
268,17,2015,15.69235611
269,17,2015,13.54340839
270,17,2015,6.6728158
271,17,2015,8.40323257
272,17,2015,9.15348911
273,17,2015,10.85628891
274,17,2015,8.30910397
275,17,2015,22.3137188
276,17,2015,19.92226028
277,17,2015,
278,17,2015,2.01440597
279,17,2015,8.8659935
280,17,2015,4.06950951
281,17,2015,5.05797672
282,17,2015,22.59942055
283,17,2015,1.68126464
284,17,2015,12.21973801
285,17,2015,6.47667837
286,17,2015,12.66004276
287,17,2015,7.51431656
288,17,2015,6.97614002
289,17,2015,9.92882061
290,17,2015,8.26050186
291,17,2015,3.85042071
292,17,2015,8.28593731
293,17,2015,10.06429672
294,17,2015,5.01057673
295,17,2015,6.66369581
296,17,2015,7.52296495
297,17,2015,12.1791687
298,17,2015,9.06668758
299,17,2015,2.2286694
300,17,2015,8.80356598
301,17,2015,15.75210571
302,17,2015,6.11530304
303,17,2015,14.69124889
304,17,2015,3.37282634
305,17,2015,8.82638741
306,17,2015,15.34844685
307,17,2015,14.9841013
308,17,2015,10.23375225
309,17,2015,11.68794823
310,17,2015,7.06502438
311,17,2015,14.75444698
312,17,2015,15.98359871
313,17,2015,12.50648499
314,17,2015,13.41370487
315,17,2015,14.51256371
316,17,2015,9.60857868
317,17,2015,19.51303673
318,17,2015,8.76884937
319,17,2015,9.22200394
320,17,2015,15.14159489
321,17,2015,18.12460518
322,17,2015,11.64510727
323,17,2015,13.10222912
324,17,2015,8.39476204
325,17,2015,7.12018585
326,17,2015,8.57290077
327,17,2015,12.1975174
328,17,2015,10.63425922
329,17,2015,14.05225277
330,17,2015,17.21853065
331,17,2015,11.63480854
332,17,2015,15.20495033
333,17,2015,12.78399658
334,17,2015,17.58081436
335,17,2015,10.6386261
336,17,2015,11.90821075
337,17,2015,12.21473503
338,17,2015,10.69948864
339,17,2015,8.81614971
340,17,2015,27.73473549
341,17,2015,11.91801167
342,17,2015,11.68604279
343,17,2015,12.44879627
344,17,2015,14.77293682
345,17,2015,18.3855648
346,17,2015,11.00124073
347,17,2015,6.40937662
348,17,2015,9.78749466
349,17,2015,8.71145439
350,17,2015,8.5692358
351,17,2015,18.66418648
352,17,2015,9.59653759
353,17,2015,3.37688875
354,17,2015,9.3686533
355,17,2015,3.37624002
356,17,2015,6.57872438
357,17,2015,18.45426559
358,17,2015,4.97641897
359,17,2015,5.1459527
360,17,2015,8.40127754
361,17,2015,12.53229141
362,17,2015,4.50545216
363,17,2015,18.31171608
364,17,2015,5.86489248
365,17,2015,6.63314915
366,17,2015,9.41902351
367,17,2015,7.24445534
368,17,2015,7.04417515
369,17,2015,23.15028763
370,17,2015,6.6896553
371,17,2015,3.35080194
372,17,2015,8.22995281
373,17,2015,10.75778675
374,17,2015,3.35682678
375,17,2015,7.72666168
376,17,2015,9.8901701
377,17,2015,18.89048386
378,17,2015,5.58948946
379,17,2015,11.49290657
380,17,2015,6.0310936
381,17,2015,8.25687599
382,17,2015,12.11640739
383,17,2015,14.788908
384,17,2015,13.53679276
385,17,2015,8.34106731
386,17,2015,7.38243437
387,17,2015,8.71861744
388,17,2015,4.76082087
389,17,2015,8.49385166
196,17,2016,10.60594082
197,17,2016,5.43269682
198,17,2016,3.05096745
199,17,2016,11.21129513
200,17,2016,11.03399467
201,17,2016,9.90449238
202,17,2016,10.39242458
203,17,2016,1.81293964
204,17,2016,4.94713306
205,17,2016,5.72502089
206,17,2016,3.03607512
207,17,2016,2.88502312
208,17,2016,4.85199261
209,17,2016,3.80773497
210,17,2016,2.49651527
211,17,2016,2.37287188
212,17,2016,8.21678448
213,17,2016,5.02445269
214,17,2016,9.20255756
215,17,2016,6.65770149
216,17,2016,6.53767872
217,17,2016,4.11337852
218,17,2016,2.36231256
219,17,2016,8.02543449
220,17,2016,10.33607674
221,17,2016,3.89701653
222,17,2016,17.51086807
223,17,2016,9.67796707
224,17,2016,5.43063307
225,17,2016,5.75632954
226,17,2016,10.2022686
227,17,2016,5.99889708
228,17,2016,10.46828175
229,17,2016,5.68580914
230,17,2016,4.8661375
231,17,2016,8.88277149
232,17,2016,8.00215721
233,17,2016,4.45693302
234,17,2016,9.50185108
235,17,2016,4.44511318
236,17,2016,15.28983974
237,17,2016,
238,17,2016,4.25863695
239,17,2016,5.17819309
240,17,2016,9.52143383
241,17,2016,7.16456938
242,17,2016,6.68645287
243,17,2016,11.60688305
244,17,2016,15.52159119
245,17,2016,14.18977833
246,17,2016,9.28489876
247,17,2016,12.11457348
248,17,2016,11.0932703
249,17,2016,8.12482357
250,17,2016,18.9714241
251,17,2016,16.75084496
252,17,2016,17.65917969
253,17,2016,28.60595512
254,17,2016,17.30282402
255,17,2016,7.27849007
256,17,2016,15.69811821
257,17,2016,10.42785549
258,17,2016,17.65205383
259,17,2016,7.50820637
260,17,2016,18.20531464
261,17,2016,10.0542078
262,17,2016,5.02242136
263,17,2016,11.29591942
264,17,2016,12.68386555
265,17,2016,10.41155815
266,17,2016,17.3873806
267,17,2016,20.32551575
268,17,2016,16.44894409
269,17,2016,14.63433075
270,17,2016,8.37210655
271,17,2016,8.51580906
272,17,2016,9.55696583
273,17,2016,13.70886993
274,17,2016,10.17098999
275,17,2016,22.46884346
276,17,2016,20.24422646
277,17,2016,
278,17,2016,2.14110541
279,17,2016,8.52599049
280,17,2016,5.13736486
281,17,2016,5.05797672
282,17,2016,21.07504082
283,17,2016,5.98492527
284,17,2016,11.23799038
285,17,2016,7.47804165
286,17,2016,13.16996193
287,17,2016,9.90810204
288,17,2016,7.02311468
289,17,2016,8.7594099
290,17,2016,8.41111374
291,17,2016,3.96031761
292,17,2016,7.58855581
293,17,2016,12.60635757
294,17,2016,5.38206244
295,17,2016,12.92873669
296,17,2016,8.31573296
297,17,2016,12.51434994
298,17,2016,9.06668758
299,17,2016,2.5847981
300,17,2016,9.88866711
301,17,2016,11.59596729
302,17,2016,6.05354738
303,17,2016,14.9603796
304,17,2016,3.28987098
305,17,2016,10.30651379
306,17,2016,15.59716988
307,17,2016,15.62966251
308,17,2016,11.82779217
309,17,2016,12.14272308
310,17,2016,7.49849081
311,17,2016,15.71675396
312,17,2016,16.44475365
313,17,2016,12.658885
314,17,2016,13.11674309
315,17,2016,15.17230511
316,17,2016,10.32651424
317,17,2016,19.59465599
318,17,2016,8.69437981
319,17,2016,10.1105566
320,17,2016,14.3385458
321,17,2016,19.27320862
322,17,2016,11.64842319
323,17,2016,13.22727776
324,17,2016,9.48439407
325,17,2016,6.41580772
326,17,2016,9.12441349
327,17,2016,12.74764538
328,17,2016,10.69193459
329,17,2016,15.53663158
330,17,2016,17.1774044
331,17,2016,10.92123508
332,17,2016,15.2196064
333,17,2016,13.05398178
334,17,2016,17.5472908
335,17,2016,10.94753551
336,17,2016,12.90125465
337,17,2016,12.20803356
338,17,2016,11.34897995
339,17,2016,8.23394489
340,17,2016,31.49183083
341,17,2016,11.64864445
342,17,2016,13.32912636
343,17,2016,13.28496838
344,17,2016,15.08096981
345,17,2016,18.3949585
346,17,2016,11.25683117
347,17,2016,6.09424782
348,17,2016,9.85571289
349,17,2016,8.7136755
350,17,2016,8.93868732
351,17,2016,19.02472878
352,17,2016,8.82013798
353,17,2016,4.09935808
354,17,2016,8.10247707
355,17,2016,3.39333463
356,17,2016,8.12968636
357,17,2016,19.74809265
358,17,2016,3.05185008
359,17,2016,5.31455946
360,17,2016,8.56482697
361,17,2016,13.58405399
362,17,2016,3.0717392
363,17,2016,18.48745346
364,17,2016,6.15329981
365,17,2016,6.55302095
366,17,2016,8.95276546
367,17,2016,8.14844227
368,17,2016,6.66789913
369,17,2016,23.17672729
370,17,2016,7.78181839
371,17,2016,3.62799406
372,17,2016,8.26288128
373,17,2016,11.36909008
374,17,2016,3.19997239
375,17,2016,6.46197653
376,17,2016,10.33345985
377,17,2016,19.2286396
378,17,2016,4.97484207
379,17,2016,11.25274563
380,17,2016,8.04091835
381,17,2016,7.75196695
382,17,2016,12.69044113
383,17,2016,13.94016361
384,17,2016,13.29581738
385,17,2016,8.14615917
386,17,2016,8.03124809
387,17,2016,12.99326706
388,17,2016,3.66210938
389,17,2016,9.59658623
196,17,2017,10.60604
197,17,2017,5.36431932
198,17,2017,2.56150651
199,17,2017,14.31547451
200,17,2017,9.99147034
201,17,2017,8.35758591
202,17,2017,10.39242458
203,17,2017,0.73440903
204,17,2017,5.25997734
205,17,2017,4.67839575
206,17,2017,3.58549595
207,17,2017,3.41114736
208,17,2017,5.15028763
209,17,2017,3.84188485
210,17,2017,2.94384766
211,17,2017,2.37287188
212,17,2017,9.96829319
213,17,2017,4.78836012
214,17,2017,9.7150774
215,17,2017,4.49147081
216,17,2017,9.27400303
217,17,2017,3.46282434
218,17,2017,2.75228286
219,17,2017,6.79240465
220,17,2017,11.97283363
221,17,2017,3.95514584
222,17,2017,15.03208733
223,17,2017,8.18961334
224,17,2017,5.13726282
225,17,2017,6.06559992
226,17,2017,10.20433331
227,17,2017,5.99591827
228,17,2017,10.65234089
229,17,2017,9.66281414
230,17,2017,4.44235229
231,17,2017,8.88277149
232,17,2017,10.76263332
233,17,2017,4.49900484
234,17,2017,10.13922024
235,17,2017,3.63211203
236,17,2017,15.28983974
237,17,2017,2.10620522
238,17,2017,6.45040607
239,17,2017,3.92163825
240,17,2017,9.52143383
241,17,2017,10.05217934
242,17,2017,5.56372261
243,17,2017,11.6073885
244,17,2017,16.03947067
245,17,2017,15.97595882
246,17,2017,9.06172657
247,17,2017,11.6249609
248,17,2017,11.5229702
249,17,2017,8.18641567
250,17,2017,18.8314476
251,17,2017,17.97215843
252,17,2017,18.60467529
253,17,2017,27.0343132
254,17,2017,15.51221848
255,17,2017,6.76986217
256,17,2017,15.71837234
257,17,2017,11.44241047
258,17,2017,16.50709915
259,17,2017,8.35155964
260,17,2017,17.21218491
261,17,2017,10.61353874
262,17,2017,4.54371977
263,17,2017,10.62630653
264,17,2017,13.9547863
265,17,2017,10.7295351
266,17,2017,17.81918526
267,17,2017,20.63718033
268,17,2017,15.87635136
269,17,2017,14.43339157
270,17,2017,8.59105301
271,17,2017,8.7464056
272,17,2017,10.10502338
273,17,2017,11.39440918
274,17,2017,11.17306709
275,17,2017,22.55603981
276,17,2017,20.31971931
277,17,2017,
278,17,2017,2.31911564
279,17,2017,7.97665834
280,17,2017,4.8029952
281,17,2017,5.41994762
282,17,2017,21.07489967
283,17,2017,4.7902565
284,17,2017,11.0992403
285,17,2017,7.7408123
286,17,2017,12.02719212
287,17,2017,8.86267757
288,17,2017,7.12353611
289,17,2017,10.61223793
290,17,2017,8.94559097
291,17,2017,4.77192211
292,17,2017,7.82535124
293,17,2017,13.51315784
294,17,2017,4.4372673
295,17,2017,8.32499409
296,17,2017,8.94476509
297,17,2017,11.56119919
298,17,2017,7.80896568
299,17,2017,2.9408741
300,17,2017,9.51418209
301,17,2017,14.12029457
302,17,2017,5.27347183
303,17,2017,15.5459528
304,17,2017,2.82377267
305,17,2017,10.1955843
306,17,2017,15.92723083
307,17,2017,15.4665451
308,17,2017,11.83658028
309,17,2017,12.48068047
310,17,2017,7.54293633
311,17,2017,15.91351414
312,17,2017,16.77198982
313,17,2017,12.35713005
314,17,2017,13.27501774
315,17,2017,15.21225166
316,17,2017,9.5190258
317,17,2017,19.91369629
318,17,2017,8.74206638
319,17,2017,9.88259697
320,17,2017,15.37049961
321,17,2017,19.88340378
322,17,2017,11.76198578
323,17,2017,13.12166309
324,17,2017,7.85734415
325,17,2017,6.34161329
326,17,2017,8.9280405
327,17,2017,12.6964941
328,17,2017,10.54775524
329,17,2017,15.93914413
330,17,2017,17.30538177
331,17,2017,9.72641945
332,17,2017,15.31348705
333,17,2017,11.82731819
334,17,2017,17.39582634
335,17,2017,10.93916798
336,17,2017,12.54052448
337,17,2017,11.64592075
338,17,2017,12.13512135
339,17,2017,8.78356075
340,17,2017,28.2982235
341,17,2017,11.78833294
342,17,2017,13.52356625
343,17,2017,13.33455563
344,17,2017,15.2698698
345,17,2017,18.55545616
346,17,2017,11.40777302
347,17,2017,5.88567734
348,17,2017,9.89171028
349,17,2017,8.71392441
350,17,2017,8.44667339
351,17,2017,18.80131912
352,17,2017,8.99117374
353,17,2017,4.10705233
354,17,2017,7.58420563
355,17,2017,3.66080451
356,17,2017,8.2089262
357,17,2017,21.47161484
358,17,2017,3.6196053
359,17,2017,4.50787783
360,17,2017,7.6372261
361,17,2017,13.10159683
362,17,2017,5.14604425
363,17,2017,18.54751778
364,17,2017,5.87075901
365,17,2017,6.70265007
366,17,2017,8.79734421
367,17,2017,7.26338148
368,17,2017,7.72321415
369,17,2017,24.46199036
370,17,2017,9.02985096
371,17,2017,4.07695913
372,17,2017,8.72014713
373,17,2017,7.68571138
374,17,2017,2.36292124
375,17,2017,7.02317142
376,17,2017,8.25861549
377,17,2017,19.28339005
378,17,2017,4.99542522
379,17,2017,13.13789749
380,17,2017,9.15498066
381,17,2017,7.62032938
382,17,2017,13.183465
383,17,2017,12.70863438
384,17,2017,15.28181934
385,17,2017,8.28603458
386,17,2017,7.32402325
387,17,2017,17.95534515
388,17,2017,3.96174479
389,17,2017,10.09323883
196,17,2018,10.60616875
197,17,2018,5.36431932
198,17,2018,2.71143031
199,17,2018,11.54210281
200,17,2018,8.78477097
201,17,2018,7.90786219
202,17,2018,10.39242458
203,17,2018,1.95703375
204,17,2018,3.91087461
205,17,2018,4.87230015
206,17,2018,3.99391246
207,17,2018,3.48719907
208,17,2018,5.11727667
209,17,2018,4.16694117
210,17,2018,3.22602749
211,17,2018,2.37287188
212,17,2018,9.69767475
213,17,2018,4.76060486
214,17,2018,9.41520691
215,17,2018,5.62609911
216,17,2018,6.56050444
217,17,2018,3.85050702
218,17,2018,2.59429789
219,17,2018,7.21874523
220,17,2018,10.77791023
221,17,2018,5.16622925
222,17,2018,10.42956638
223,17,2018,8.7133112
224,17,2018,5.66878557
225,17,2018,4.79712772
226,17,2018,10.20625019
227,17,2018,5.76476336
228,17,2018,9.98526669
229,17,2018,8.3492775
230,17,2018,3.8811214
231,17,2018,8.88277149
232,17,2018,9.38566875
233,17,2018,4.96151876
234,17,2018,10.17943954
235,17,2018,3.59921885
236,17,2018,15.28983974
237,17,2018,2.10620522
238,17,2018,5.4890213
239,17,2018,4.16811514
240,17,2018,9.41473198
241,17,2018,7.52910423
242,17,2018,7.85656309
243,17,2018,13.07453442
244,17,2018,15.48355103
245,17,2018,15.40592098
246,17,2018,9.87558651
247,17,2018,12.2098484
248,17,2018,12.9346056
249,17,2018,8.18614292
250,17,2018,18.74746895
251,17,2018,18.30398941
252,17,2018,15.75658035
253,17,2018,27.91470909
254,17,2018,14.9355917
255,17,2018,6.15797138
256,17,2018,15.44442081
257,17,2018,12.16294384
258,17,2018,16.6670742
259,17,2018,8.33406734
260,17,2018,16.67445374
261,17,2018,10.71157551
262,17,2018,4.67501688
263,17,2018,10.8920126
264,17,2018,13.03939724
265,17,2018,10.41115475
266,17,2018,18.74295044
267,17,2018,19.895504
268,17,2018,15.01426506
269,17,2018,14.89298248
270,17,2018,6.66450548
271,17,2018,8.52896118
272,17,2018,10.64669037
273,17,2018,17.44913864
274,17,2018,10.66987896
275,17,2018,22.54607582
276,17,2018,20.28904915
277,17,2018,1.69755101
278,17,2018,1.90904689
279,17,2018,7.23445129
280,17,2018,5.15085363
281,17,2018,4.72158527
282,17,2018,22.5409317
283,17,2018,6.42973948
284,17,2018,9.97671986
285,17,2018,9.01217556
286,17,2018,11.66725445
287,17,2018,9.27033234
288,17,2018,7.18196535
289,17,2018,10.11343002
290,17,2018,7.25043583
291,17,2018,4.8980689
292,17,2018,8.67802334
293,17,2018,11.04889965
294,17,2018,3.69228196
295,17,2018,6.17103291
296,17,2018,8.54926872
297,17,2018,10.78317261
298,17,2018,7.91993999
299,17,2018,3.29695034
300,17,2018,9.88601398
301,17,2018,14.52849674
302,17,2018,5.13385916
303,17,2018,15.80690002
304,17,2018,2.67803526
305,17,2018,10.30541611
306,17,2018,15.91589451
307,17,2018,15.14290047
308,17,2018,11.4341774
309,17,2018,12.3479166
310,17,2018,6.73227549
311,17,2018,15.55736828
312,17,2018,16.73004532
313,17,2018,12.5386591
314,17,2018,13.31088448
315,17,2018,15.21739674
316,17,2018,10.32494831
317,17,2018,20.02029991
318,17,2018,8.6648283
319,17,2018,9.88092327
320,17,2018,15.87748241
321,17,2018,18.70609856
322,17,2018,11.75350666
323,17,2018,13.25070477
324,17,2018,9.09603882
325,17,2018,7.33437634
326,17,2018,9.4064827
327,17,2018,12.67276096
328,17,2018,10.59996128
329,17,2018,15.01151371
330,17,2018,17.04435158
331,17,2018,10.53136349
332,17,2018,15.57730007
333,17,2018,12.41411114
334,17,2018,17.59609985
335,17,2018,10.82737446
336,17,2018,13.3130827
337,17,2018,12.02570248
338,17,2018,12.75248241
339,17,2018,9.76066208
340,17,2018,29.98806953
341,17,2018,12.44849491
342,17,2018,13.31192684
343,17,2018,13.7872839
344,17,2018,15.11438084
345,17,2018,18.60806656
346,17,2018,11.37870598
347,17,2018,6.14457893
348,17,2018,9.36672878
349,17,2018,8.71407223
350,17,2018,8.35254765
351,17,2018,19.02513695
352,17,2018,7.82814789
353,17,2018,3.75035429
354,17,2018,7.70324659
355,17,2018,3.67532182
356,17,2018,8.40313911
357,17,2018,17.67908669
358,17,2018,3.45481491
359,17,2018,3.81159782
360,17,2018,9.48533821
361,17,2018,13.00497055
362,17,2018,4.62115145
363,17,2018,18.51688385
364,17,2018,7.14021063
365,17,2018,7.08351898
366,17,2018,8.76146317
367,17,2018,7.66548777
368,17,2018,7.75502872
369,17,2018,24.48888969
370,17,2018,8.0882349
371,17,2018,4.19733047
372,17,2018,8.45166874
373,17,2018,10.76629162
374,17,2018,2.48709655
375,17,2018,7.37636042
376,17,2018,10.73138714
377,17,2018,18.96507454
378,17,2018,4.89941359
379,17,2018,12.75121021
380,17,2018,7.94931364
381,17,2018,7.34612989
382,17,2018,13.69931316
383,17,2018,12.32628441
384,17,2018,14.53986549
385,17,2018,9.09770584
386,17,2018,8.06625938
387,17,2018,12.26143551
388,17,2018,6.4368844
389,17,2018,10.21770763
196,17,2019,8.83036137
197,17,2019,5.5068841
198,17,2019,2.13318133
199,17,2019,12.00606537
200,17,2019,9.57691097
201,17,2019,7.90786219
202,17,2019,10.16541576
203,17,2019,2.17985916
204,17,2019,4.84231758
205,17,2019,4.87230015
206,17,2019,4.13345671
207,17,2019,5.10725212
208,17,2019,5.60127592
209,17,2019,4.16495562
210,17,2019,3.84795237
211,17,2019,2.37287188
212,17,2019,12.93035984
213,17,2019,4.76060486
214,17,2019,9.59155846
215,17,2019,5.37906027
216,17,2019,8.76836586
217,17,2019,6.14852524
218,17,2019,2.44074059
219,17,2019,8.22723579
220,17,2019,12.62152004
221,17,2019,4.19834614
222,17,2019,4.44415092
223,17,2019,7.93860054
224,17,2019,4.83501434
225,17,2019,6.17791986
226,17,2019,9.0032053
227,17,2019,6.52197027
228,17,2019,9.6855526
229,17,2019,9.37940311
230,17,2019,3.75164723
231,17,2019,8.92867947
232,17,2019,9.77780437
233,17,2019,4.37201738
234,17,2019,10.17943954
235,17,2019,5.84172201
236,17,2019,15.28983974
237,17,2019,2.10620522
238,17,2019,5.38174009
239,17,2019,3.13882995
240,17,2019,9.43801022
241,17,2019,7.57306385
242,17,2019,3.93898153
243,17,2019,11.29999447
244,17,2019,16.13215828
245,17,2019,15.03167439
246,17,2019,10.63657379
247,17,2019,12.13228703
248,17,2019,13.57693577
249,17,2019,8.36825943
250,17,2019,18.93646812
251,17,2019,18.01151848
252,17,2019,16.53361511
253,17,2019,24.15332603
254,17,2019,15.51629925
255,17,2019,7.56691742
256,17,2019,14.51295948
257,17,2019,12.30539513
258,17,2019,17.32847404
259,17,2019,9.43220234
260,17,2019,17.65140152
261,17,2019,10.32425022
262,17,2019,4.24969435
263,17,2019,11.1674366
264,17,2019,13.3204546
265,17,2019,10.31756687
266,17,2019,18.93509865
267,17,2019,21.9387722
268,17,2019,14.72033024
269,17,2019,15.34553719
270,17,2019,6.85970926
271,17,2019,8.28050327
272,17,2019,9.85360909
273,17,2019,15.04520512
274,17,2019,10.23995018
275,17,2019,22.42990685
276,17,2019,20.1963501
277,17,2019,1.68175375
278,17,2019,1.77526009
279,17,2019,7.06051159
280,17,2019,5.14749098
281,17,2019,4.82284689
282,17,2019,19.73072052
283,17,2019,5.994596
284,17,2019,10.1121769
285,17,2019,9.16396332
286,17,2019,13.74677753
287,17,2019,8.36049366
288,17,2019,7.39498091
289,17,2019,12.92401981
290,17,2019,8.59375286
291,17,2019,4.94922209
292,17,2019,8.38503265
293,17,2019,11.97922897
294,17,2019,3.57844925
295,17,2019,5.56284285
296,17,2019,9.0675993
297,17,2019,12.07894421
298,17,2019,7.91993999
299,17,2019,3.65302634
300,17,2019,10.07303905
301,17,2019,14.57425785
302,17,2019,5.66885042
303,17,2019,16.13481522
304,17,2019,3.28792715
305,17,2019,11.04388905
306,17,2019,15.59863663
307,17,2019,15.36792564
308,17,2019,11.55380249
309,17,2019,12.06315517
310,17,2019,9.94098091
311,17,2019,15.68113899
312,17,2019,17.11078453
313,17,2019,12.86935234
314,17,2019,13.78803349
315,17,2019,15.02163696
316,17,2019,9.38724804
317,17,2019,20.09718323
318,17,2019,8.30244637
319,17,2019,9.31328106
320,17,2019,16.44213295
321,17,2019,20.53943443
322,17,2019,11.89288712
323,17,2019,13.16985512
324,17,2019,8.2512455
325,17,2019,7.09393597
326,17,2019,10.35155773
327,17,2019,13.04839516
328,17,2019,10.88702869
329,17,2019,16.01710129
330,17,2019,14.49990559
331,17,2019,11.52457523
332,17,2019,15.88645649
333,17,2019,13.55631161
334,17,2019,17.51844025
335,17,2019,11.01238155
336,17,2019,13.62047005
337,17,2019,12.1204834
338,17,2019,12.61279774
339,17,2019,10.19961929
340,17,2019,32.23926163
341,17,2019,12.03067684
342,17,2019,13.45916462
343,17,2019,14.16629124
344,17,2019,15.23341274
345,17,2019,18.76601219
346,17,2019,11.51255226
347,17,2019,6.58593607
348,17,2019,9.71472645
349,17,2019,8.71422386
350,17,2019,7.65581417
351,17,2019,19.46484375
352,17,2019,8.27828789
353,17,2019,3.29686975
354,17,2019,10.23985958
355,17,2019,3.84729862
356,17,2019,8.54535389
357,17,2019,17.85394287
358,17,2019,3.21384835
359,17,2019,4.03386211
360,17,2019,9.48533821
361,17,2019,13.27486801
362,17,2019,4.19340992
363,17,2019,17.15175438
364,17,2019,6.48993301
365,17,2019,6.99103546
366,17,2019,8.76956177
367,17,2019,9.3362999
368,17,2019,8.72794247
369,17,2019,24.6980896
370,17,2019,8.52070999
371,17,2019,5.16324902
372,17,2019,8.52427959
373,17,2019,10.15070438
374,17,2019,3.0567925
375,17,2019,6.87808418
376,17,2019,9.78691292
377,17,2019,18.72518158
378,17,2019,4.85100794
379,17,2019,13.42337704
380,17,2019,6.53682137
381,17,2019,7.78876352
382,17,2019,13.87523651
383,17,2019,13.61343575
384,17,2019,16.24830246
385,17,2019,9.66636658
386,17,2019,7.5142417
387,17,2019,15.21772289
388,17,2019,4.78193808
389,17,2019,10.19859123
196,17,2020,8.83030605
197,17,2020,7.30502176
198,17,2020,2.71948266
199,17,2020,11.66365051
200,17,2020,11.64695168
201,17,2020,7.33287811
202,17,2020,12.7326889
203,17,2020,3.65950561
204,17,2020,4.86442041
205,17,2020,3.93478251
206,17,2020,6.88908243
207,17,2020,8.21684074
208,17,2020,6.53835297
209,17,2020,5.08724737
210,17,2020,5.34838295
211,17,2020,2.37287188
212,17,2020,10.39384365
213,17,2020,6.79223251
214,17,2020,9.59155846
215,17,2020,9.56789875
216,17,2020,8.02323055
217,17,2020,4.53709793
218,17,2020,4.79536724
219,17,2020,8.91046047
220,17,2020,8.94959354
221,17,2020,3.74818683
222,17,2020,4.21817684
223,17,2020,6.8733201
224,17,2020,5.37126255
225,17,2020,5.41649103
226,17,2020,8.99296188
227,17,2020,7.39718628
228,17,2020,10.74061012
229,17,2020,10.34436893
230,17,2020,4.18345547
231,17,2020,9.0438261
232,17,2020,12.80399513
233,17,2020,6.48109436
234,17,2020,10.17943954
235,17,2020,5.30239677
236,17,2020,16.88567543
237,17,2020,2.10620522
238,17,2020,3.85122466
239,17,2020,5.55403566
240,17,2020,4.94000149
241,17,2020,10.56005478
242,17,2020,5.21166706
243,17,2020,13.78379345
244,17,2020,15.74081135
245,17,2020,15.13273907
246,17,2020,10.96432972
247,17,2020,11.48874474
248,17,2020,15.2790575
249,17,2020,8.35797405
250,17,2020,18.35593987
251,17,2020,18.83959579
252,17,2020,18.50721169
253,17,2020,25.20714569
254,17,2020,16.43104172
255,17,2020,5.40891504
256,17,2020,14.68046284
257,17,2020,13.06629467
258,17,2020,17.72681618
259,17,2020,6.99832869
260,17,2020,15.86299229
261,17,2020,13.01163483
262,17,2020,4.04498291
263,17,2020,12.34406281
264,17,2020,13.98892879
265,17,2020,11.5203886
266,17,2020,18.12579727
267,17,2020,20.33550072
268,17,2020,16.20088959
269,17,2020,16.26494217
270,17,2020,8.34056759
271,17,2020,8.56178284
272,17,2020,9.96682358
273,17,2020,14.35397625
274,17,2020,9.56479168
275,17,2020,22.49045372
276,17,2020,19.83765221
277,17,2020,6.71264887
278,17,2020,4.24602795
279,17,2020,8.29461861
280,17,2020,4.21987247
281,17,2020,5.16112232
282,17,2020,21.352211
283,17,2020,6.15548325
284,17,2020,8.89248657
285,17,2020,8.65574837
286,17,2020,17.21761131
287,17,2020,9.74319744
288,17,2020,7.2206831
289,17,2020,11.66641903
290,17,2020,10.24410915
291,17,2020,5.1218276
292,17,2020,9.53888798
293,17,2020,13.31901741
294,17,2020,2.91993523
295,17,2020,9.58832169
296,17,2020,10.00437069
297,17,2020,12.49465275
298,17,2020,11.41091824
299,17,2020,3.6520443
300,17,2020,9.18517017
301,17,2020,15.05597019
302,17,2020,7.6896224
303,17,2020,15.30966568
304,17,2020,5.79771805
305,17,2020,11.93542862
306,17,2020,14.94847393
307,17,2020,14.88035202
308,17,2020,12.22752476
309,17,2020,11.74138927
310,17,2020,14.22441483
311,17,2020,17.06207657
312,17,2020,16.71850204
313,17,2020,13.02646351
314,17,2020,13.69954014
315,17,2020,15.08420181
316,17,2020,10.73317242
317,17,2020,19.79345322
318,17,2020,8.53843498
319,17,2020,9.98601627
320,17,2020,15.75627518
321,17,2020,20.28728294
322,17,2020,11.68613243
323,17,2020,12.86749077
324,17,2020,10.06113434
325,17,2020,6.9168787
326,17,2020,10.89339066
327,17,2020,12.01704693
328,17,2020,10.72465134
329,17,2020,15.69324207
330,17,2020,12.30621147
331,17,2020,13.1277895
332,17,2020,16.17439842
333,17,2020,12.8283596
334,17,2020,17.04553032
335,17,2020,9.68095493
336,17,2020,13.75647736
337,17,2020,12.3761425
338,17,2020,11.93129635
339,17,2020,15.01321125
340,17,2020,12.86369801
341,17,2020,10.999547
342,17,2020,12.78679562
343,17,2020,13.32282925
344,17,2020,15.1303215
345,17,2020,18.75689697
346,17,2020,11.23975754
347,17,2020,7.37594461
348,17,2020,10.67028713
349,17,2020,8.70857811
350,17,2020,8.17341805
351,17,2020,19.36759186
352,17,2020,10.79321957
353,17,2020,3.07911539
354,17,2020,10.29558849
355,17,2020,3.68660474
356,17,2020,10.24196243
357,17,2020,18.17274666
358,17,2020,3.23196483
359,17,2020,5.6691947
360,17,2020,9.48533821
361,17,2020,12.14998055
362,17,2020,6.59020758
363,17,2020,17.09124947
364,17,2020,6.94822884
365,17,2020,6.99103546
366,17,2020,8.64632607
367,17,2020,11.66571903
368,17,2020,8.6814642
369,17,2020,21.44745827
370,17,2020,9.29878044
371,17,2020,4.27005148
372,17,2020,8.6899538
373,17,2020,7.75109291
374,17,2020,2.91056871
375,17,2020,6.92067099
376,17,2020,9.05271149
377,17,2020,18.85124207
378,17,2020,5.75925779
379,17,2020,9.50615215
380,17,2020,6.7297945
381,17,2020,9.00173473
382,17,2020,12.99881268
383,17,2020,15.45091438
384,17,2020,13.85786724
385,17,2020,10.83963108
386,17,2020,7.88109159
387,17,2020,12.10449028
388,17,2020,5.9300437
389,17,2020,8.42611885
