country_id,indicator_id,year,value,region_id
340,19,2020,0.8,7
243,19,2020,8.03,8
244,19,2020,9.25,8
324,19,2020,9.9,11
348,19,2020,9.53,14
290,19,2020,10.04,14
217,19,2020,84.76,4
204,19,2020,82.49,4
235,19,2020,90.29,4
205,19,2020,80.11,4
287,19,2020,6.66,15
302,19,2020,9.14,14
386,19,2020,6.45,16
246,19,2020,7.89,8
294,19,2020,55.87,4
230,19,2020,86.35,4
272,19,2020,10.13,8
247,19,2020,11.29,8
258,19,2020,7.91,8
282,19,2020,7.66,2
229,19,2020,101.3,4
257,19,2020,12.23,8
245,19,2020,11.7,8
297,19,2020,12.79,15
252,19,2020,9.1,8
202,19,2020,12.57,4
265,19,2020,12.12,8
337,19,2020,11.49,10
249,19,2020,13.4,8
352,19,2020,13.66,11
375,19,2020,14.42,17
234,19,2020,12.47,4
267,19,2020,14.6,8
284,19,2020,11.02,14
289,19,2020,11.42,14
286,19,2020,14.43,14
269,19,2020,13.05,8
226,19,2020,14.8,4
259,19,2020,13.75,8
232,19,2020,9.48,4
266,19,2020,14.7,8
270,19,2020,11.26,8
274,19,2020,7.02,8
383,19,2020,12.31,16
263,19,2020,13.45,8
271,19,2020,15.38,8
273,19,2020,11.64,8
325,19,2020,17.28,11
288,19,2020,13.33,15
268,19,2020,9.48,8
264,19,2020,18.0,8
388,19,2020,13.36,12
281,19,2020,13.17,15
385,19,2020,12.64,12
304,19,2020,12.08,14
313,19,2020,1.8,1
334,19,2020,2.16,1
314,19,2020,2.18,1
384,19,2020,2.16,9
343,19,2020,2.15,7
369,19,2020,2.36,17
345,19,2020,2.48,1
320,19,2020,2.21,1
328,19,2020,2.28,6
301,19,2020,0.79,7
305,19,2020,2.62,10
311,19,2020,2.78,10
323,19,2020,2.83,7
389,19,2020,18.92,9
387,19,2020,12.43,16
296,19,2020,11.84,14
356,19,2020,18.71,9
196,19,2020,20.76,15
379,19,2020,13.1,3
260,19,2020,17.76,8
277,19,2020,18.73,8
283,19,2020,18.96,14
354,19,2020,15.08,2
365,19,2020,12.95,9
374,19,2020,12.2,3
248,19,2020,18.82,8
378,19,2020,11.86,16
368,19,2020,24.92,12
381,19,2020,23.09,9
376,19,2020,15.07,3
261,19,2020,17.08,8
359,19,2020,25.46,2
330,19,2020,2.0,6
331,19,2020,2.63,7
382,19,2020,2.92,17
344,19,2020,3.04,7
310,19,2020,2.89,14
321,19,2020,2.99,1
336,19,2020,3.2,7
303,19,2020,3.27,6
322,19,2020,3.4,14
327,19,2020,3.26,1
326,19,2020,3.39,1
312,19,2020,3.51,1
317,19,2020,3.61,6
363,19,2020,3.69,13
306,19,2020,3.71,6
373,19,2020,18.78,3
353,19,2020,29.84,2
255,19,2020,30.07,8
347,19,2020,20.22,11
355,19,2020,29.56,2
256,19,2020,26.08,8
236,19,2020,33.04,4
211,19,2020,23.0,4
332,19,2020,3.88,6
319,19,2020,3.87,10
346,19,2020,3.87,6
318,19,2020,3.83,7
315,19,2020,4.09,6
351,19,2020,4.12,1
335,19,2020,4.29,10
309,19,2020,4.35,7
377,19,2020,4.47,13
228,19,2020,22.82,4
233,19,2020,31.52,4
231,19,2020,26.47,4
214,19,2020,25.55,4
199,19,2020,16.43,4
225,19,2020,33.04,4
349,19,2020,28.79,11
358,19,2020,28.45,9
219,19,2020,38.29,4
223,19,2020,28.29,4
371,19,2020,31.01,9
299,19,2020,36.53,14
239,19,2020,31.89,4
380,19,2020,30.92,12
240,19,2020,37.48,4
207,19,2020,25.81,4
216,19,2020,35.62,4
215,19,2020,39.36,4
213,19,2020,39.84,4
250,19,2020,4.97,5
339,19,2020,5.24,10
341,19,2020,5.29,7
292,19,2020,5.48,14
298,19,2020,5.55,14
342,19,2020,5.66,10
242,19,2020,37.17,4
206,19,2020,39.69,4
362,19,2020,35.36,9
201,19,2020,34.53,4
212,19,2020,35.32,4
295,19,2020,39.4,15
280,19,2020,32.37,4
370,19,2020,40.19,3
241,19,2020,44.51,4
329,19,2020,5.21,7
333,19,2020,5.53,7
307,19,2020,5.85,7
357,19,2020,5.57,2
275,19,2020,6.25,5
308,19,2020,6.22,10
338,19,2020,6.33,10
279,19,2020,6.01,14
251,19,2020,6.06,8
262,19,2020,44.19,8
278,19,2020,50.71,2
238,19,2020,50.19,4
291,19,2020,54.17,2
222,19,2020,56.69,4
293,19,2020,5.35,14
360,19,2020,5.5,2
276,19,2020,6.74,8
254,19,2020,6.37,8
367,19,2020,4.21,16
366,19,2020,7.01,17
227,19,2020,48.14,4
197,19,2020,32.03,4
208,19,2020,63.48,4
203,19,2020,61.19,4
220,19,2020,56.68,4
218,19,2020,46.23,4
221,19,2020,59.79,4
210,19,2020,45.83,4
372,19,2020,7.49,9
253,19,2020,7.81,8
350,19,2020,8.07,10
361,19,2020,4.85,9
285,19,2020,8.17,14
209,19,2020,50.66,4
200,19,2020,59.87,4
198,19,2020,72.11,4
300,19,2020,8.87,7
316,19,2020,8.79,14
364,19,2020,9.04,9
237,19,2020,37.07,4
224,19,2020,82.32,4
340,19,2019,0.85,7
324,19,2019,9.99,11
243,19,2019,8.43,8
244,19,2019,9.66,8
290,19,2019,10.27,14
224,19,2019,86.74,4
217,19,2019,88.67,4
204,19,2019,86.43,4
348,19,2019,10.08,14
287,19,2019,7.12,15
386,19,2019,6.81,16
302,19,2019,9.71,14
235,19,2019,95.64,4
205,19,2019,85.49,4
294,19,2019,59.82,4
230,19,2019,91.26,4
246,19,2019,8.43,8
272,19,2019,11.02,8
247,19,2019,12.03,8
229,19,2019,104.3,4
258,19,2019,8.45,8
282,19,2019,8.2,2
257,19,2019,12.85,8
252,19,2019,9.7,8
202,19,2019,13.31,4
265,19,2019,12.87,8
297,19,2019,13.94,15
337,19,2019,11.72,10
286,19,2019,13.68,14
234,19,2019,12.77,4
249,19,2019,13.83,8
284,19,2019,11.75,14
352,19,2019,14.43,11
375,19,2019,15.25,17
259,19,2019,13.85,8
226,19,2019,14.77,4
267,19,2019,15.46,8
289,19,2019,12.16,14
269,19,2019,13.61,8
270,19,2019,11.97,8
266,19,2019,15.3,8
232,19,2019,10.34,4
274,19,2019,7.45,8
271,19,2019,15.65,8
263,19,2019,14.27,8
273,19,2019,12.26,8
325,19,2019,17.69,11
264,19,2019,18.2,8
268,19,2019,10.04,8
288,19,2019,14.27,15
388,19,2019,14.05,12
313,19,2019,1.99,1
314,19,2019,2.21,1
334,19,2019,2.24,1
343,19,2019,2.21,7
384,19,2019,2.27,9
369,19,2019,2.43,17
345,19,2019,2.53,1
320,19,2019,2.27,1
328,19,2019,2.34,6
385,19,2019,13.52,12
281,19,2019,14.11,15
383,19,2019,15.04,16
304,19,2019,13.19,14
389,19,2019,19.47,9
387,19,2019,13.36,16
379,19,2019,13.58,3
245,19,2019,21.19,8
196,19,2019,21.73,15
356,19,2019,19.87,9
277,19,2019,19.73,8
260,19,2019,18.97,8
368,19,2019,24.24,12
283,19,2019,20.03,14
354,19,2019,16.16,2
365,19,2019,14.06,9
374,19,2019,12.88,3
248,19,2019,20.21,8
296,19,2019,14.51,14
378,19,2019,12.66,16
381,19,2019,23.66,9
376,19,2019,15.96,3
261,19,2019,18.2,8
301,19,2019,0.85,7
311,19,2019,2.91,10
323,19,2019,2.98,7
330,19,2019,2.14,6
305,19,2019,2.92,10
382,19,2019,3.05,17
331,19,2019,2.82,7
310,19,2019,2.86,14
344,19,2019,3.1,7
321,19,2019,3.12,1
303,19,2019,3.34,6
336,19,2019,3.31,7
322,19,2019,3.48,14
327,19,2019,3.42,1
317,19,2019,3.67,6
312,19,2019,3.61,1
363,19,2019,3.7,13
306,19,2019,3.8,6
255,19,2019,29.5,8
359,19,2019,27.14,2
373,19,2019,20.02,3
353,19,2019,31.01,2
347,19,2019,21.83,11
355,19,2019,31.78,2
256,19,2019,27.22,8
236,19,2019,33.56,4
326,19,2019,3.65,1
332,19,2019,3.92,6
346,19,2019,3.89,6
319,19,2019,3.95,10
318,19,2019,3.96,7
315,19,2019,4.14,6
351,19,2019,4.22,1
335,19,2019,4.34,10
309,19,2019,4.45,7
377,19,2019,4.63,13
211,19,2019,24.47,4
228,19,2019,24.51,4
233,19,2019,34.13,4
231,19,2019,28.78,4
199,19,2019,17.94,4
349,19,2019,30.32,11
225,19,2019,35.16,4
214,19,2019,27.74,4
219,19,2019,39.15,4
358,19,2019,30.5,9
371,19,2019,33.13,9
223,19,2019,31.12,4
239,19,2019,34.73,4
380,19,2019,32.78,12
240,19,2019,39.8,4
299,19,2019,39.33,14
216,19,2019,38.18,4
250,19,2019,5.05,5
341,19,2019,5.44,7
339,19,2019,5.71,10
342,19,2019,5.7,10
215,19,2019,41.74,4
213,19,2019,42.72,4
207,19,2019,31.16,4
242,19,2019,39.58,4
206,19,2019,42.14,4
362,19,2019,37.67,9
212,19,2019,36.93,4
201,19,2019,37.4,4
295,19,2019,42.11,15
280,19,2019,34.4,4
370,19,2019,41.77,3
329,19,2019,5.44,7
292,19,2019,5.86,14
298,19,2019,5.92,14
307,19,2019,5.99,7
275,19,2019,6.34,5
308,19,2019,6.46,10
338,19,2019,6.66,10
254,19,2019,6.11,8
262,19,2019,47.13,8
241,19,2019,48.67,4
278,19,2019,53.26,2
222,19,2019,57.6,4
238,19,2019,53.41,4
291,19,2019,57.67,2
357,19,2019,6.2,2
279,19,2019,6.32,14
333,19,2019,6.49,7
251,19,2019,6.55,8
293,19,2019,5.75,14
360,19,2019,5.97,2
276,19,2019,7.03,8
367,19,2019,4.47,16
227,19,2019,51.17,4
197,19,2019,34.02,4
208,19,2019,66.46,4
203,19,2019,65.0,4
220,19,2019,60.01,4
218,19,2019,49.78,4
366,19,2019,7.54,17
372,19,2019,7.65,9
253,19,2019,8.01,8
350,19,2019,8.23,10
285,19,2019,8.37,14
221,19,2019,63.51,4
210,19,2019,48.89,4
209,19,2019,54.1,4
200,19,2019,64.13,4
198,19,2019,76.11,4
361,19,2019,5.18,9
300,19,2019,8.94,7
316,19,2019,9.04,14
364,19,2019,9.15,9
237,19,2019,39.68,4
340,19,2018,0.91,7
324,19,2018,10.1,11
243,19,2018,8.77,8
244,19,2018,10.05,8
290,19,2018,10.45,14
224,19,2018,90.96,4
217,19,2018,91.87,4
204,19,2018,89.91,4
348,19,2018,10.61,14
287,19,2018,7.67,15
235,19,2018,101.1,4
205,19,2018,91.45,4
230,19,2018,95.98,4
386,19,2018,7.22,16
246,19,2018,9.01,8
302,19,2018,10.29,14
294,19,2018,63.54,4
229,19,2018,107.0,4
245,19,2018,12.41,8
247,19,2018,12.74,8
272,19,2018,11.99,8
258,19,2018,9.03,8
257,19,2018,13.43,8
282,19,2018,8.79,2
286,19,2018,12.92,14
252,19,2018,10.34,8
265,19,2018,13.56,8
234,19,2018,13.0,4
337,19,2018,11.93,10
202,19,2018,14.14,4
249,19,2018,14.21,8
226,19,2018,14.45,4
297,19,2018,15.0,15
259,19,2018,13.9,8
284,19,2018,12.43,14
269,19,2018,14.16,8
352,19,2018,15.25,11
289,19,2018,12.93,14
267,19,2018,16.13,8
375,19,2018,16.16,17
270,19,2018,12.69,8
266,19,2018,15.88,8
271,19,2018,15.88,8
274,19,2018,7.86,8
383,19,2018,13.62,16
232,19,2018,11.38,4
263,19,2018,15.01,8
264,19,2018,18.21,8
273,19,2018,12.89,8
325,19,2018,18.33,11
314,19,2018,2.24,1
343,19,2018,2.26,7
313,19,2018,2.21,1
334,19,2018,2.32,1
384,19,2018,2.36,9
369,19,2018,2.49,17
320,19,2018,2.3,1
328,19,2018,2.37,6
345,19,2018,2.59,1
388,19,2018,14.67,12
268,19,2018,10.67,8
288,19,2018,15.33,15
385,19,2018,14.38,12
281,19,2018,15.11,15
389,19,2018,19.88,9
304,19,2018,14.41,14
379,19,2018,13.9,3
387,19,2018,14.23,16
196,19,2018,22.6,15
277,19,2018,20.68,8
368,19,2018,23.23,12
356,19,2018,21.07,9
260,19,2018,20.31,8
283,19,2018,21.22,14
354,19,2018,17.3,2
365,19,2018,15.33,9
374,19,2018,13.66,3
248,19,2018,21.63,8
381,19,2018,24.08,9
378,19,2018,13.38,16
255,19,2018,28.79,8
301,19,2018,0.91,7
310,19,2018,2.78,14
311,19,2018,3.0,10
330,19,2018,2.29,6
323,19,2018,3.12,7
344,19,2018,3.14,7
382,19,2018,3.16,17
331,19,2018,3.02,7
305,19,2018,3.21,10
321,19,2018,3.22,1
303,19,2018,3.4,6
336,19,2018,3.39,7
322,19,2018,3.56,14
363,19,2018,3.7,13
317,19,2018,3.73,6
312,19,2018,3.71,1
376,19,2018,17.0,3
261,19,2018,19.36,8
373,19,2018,21.31,3
359,19,2018,28.91,2
353,19,2018,32.29,2
347,19,2018,23.61,11
256,19,2018,28.08,8
236,19,2018,34.19,4
355,19,2018,34.09,2
327,19,2018,3.66,1
306,19,2018,3.86,6
332,19,2018,3.93,6
346,19,2018,3.93,6
326,19,2018,3.88,1
318,19,2018,4.05,7
319,19,2018,4.08,10
315,19,2018,4.17,6
351,19,2018,4.28,1
335,19,2018,4.43,10
309,19,2018,4.53,7
296,19,2018,22.68,14
211,19,2018,26.24,4
228,19,2018,26.33,4
349,19,2018,31.63,11
231,19,2018,31.41,4
199,19,2018,19.61,4
233,19,2018,36.87,4
219,19,2018,40.2,4
225,19,2018,37.33,4
214,19,2018,29.93,4
358,19,2018,32.71,9
371,19,2018,35.34,9
380,19,2018,34.74,12
299,19,2018,40.63,14
223,19,2018,34.49,4
239,19,2018,37.8,4
207,19,2018,29.32,4
240,19,2018,42.09,4
216,19,2018,40.96,4
377,19,2018,4.78,13
250,19,2018,5.11,5
341,19,2018,5.55,7
215,19,2018,44.2,4
242,19,2018,42.2,4
213,19,2018,45.8,4
206,19,2018,44.54,4
362,19,2018,39.72,9
212,19,2018,40.2,4
201,19,2018,40.28,4
295,19,2018,44.97,15
280,19,2018,36.65,4
342,19,2018,5.74,10
329,19,2018,5.62,7
307,19,2018,6.06,7
339,19,2018,6.21,10
275,19,2018,6.42,5
254,19,2018,5.84,8
292,19,2018,6.24,14
298,19,2018,6.26,14
370,19,2018,43.15,3
241,19,2018,52.06,4
262,19,2018,50.13,8
278,19,2018,55.97,2
222,19,2018,58.1,4
238,19,2018,56.75,4
291,19,2018,61.03,2
308,19,2018,6.73,10
279,19,2018,6.6,14
338,19,2018,7.12,10
251,19,2018,6.92,8
360,19,2018,6.49,2
357,19,2018,6.91,2
293,19,2018,6.2,14
276,19,2018,7.37,8
367,19,2018,4.75,16
227,19,2018,55.18,4
197,19,2018,36.49,4
220,19,2018,61.45,4
208,19,2018,69.72,4
203,19,2018,68.83,4
372,19,2018,7.78,9
333,19,2018,7.66,7
253,19,2018,8.2,8
366,19,2018,8.08,17
350,19,2018,8.4,10
285,19,2018,8.5,14
221,19,2018,67.02,4
218,19,2018,53.2,4
210,19,2018,52.07,4
209,19,2018,57.8,4
361,19,2018,5.51,9
300,19,2018,8.96,7
316,19,2018,9.22,14
364,19,2018,9.22,9
200,19,2018,68.39,4
198,19,2018,79.97,4
237,19,2018,42.6,4
340,19,2017,0.98,7
316,19,2017,9.38,14
324,19,2017,10.35,11
243,19,2017,9.07,8
217,19,2017,94.7,4
224,19,2017,95.04,4
244,19,2017,10.45,8
290,19,2017,10.63,14
204,19,2017,92.81,4
348,19,2017,11.16,14
386,19,2017,7.67,16
287,19,2017,8.25,15
246,19,2017,9.62,8
235,19,2017,106.6,4
205,19,2017,97.33,4
230,19,2017,100.9,4
294,19,2017,67.86,4
229,19,2017,109.4,4
302,19,2017,10.89,14
286,19,2017,12.21,14
245,19,2017,12.64,8
247,19,2017,13.42,8
258,19,2017,9.64,8
282,19,2017,9.42,2
257,19,2017,13.96,8
252,19,2017,11.06,8
272,19,2017,13.0,8
234,19,2017,13.12,4
226,19,2017,14.06,4
337,19,2017,12.11,10
265,19,2017,14.2,8
259,19,2017,13.84,8
249,19,2017,14.56,8
202,19,2017,15.1,4
297,19,2017,15.94,15
284,19,2017,13.12,14
269,19,2017,14.67,8
267,19,2017,16.54,8
289,19,2017,13.71,14
352,19,2017,16.17,11
375,19,2017,17.14,17
270,19,2017,13.45,8
271,19,2017,16.11,8
266,19,2017,16.48,8
383,19,2017,14.24,16
274,19,2017,8.36,8
264,19,2017,18.13,8
263,19,2017,15.77,8
232,19,2017,12.72,4
273,19,2017,13.6,8
325,19,2017,19.28,11
314,19,2017,2.26,1
343,19,2017,2.31,7
334,19,2017,2.4,1
320,19,2017,2.3,1
384,19,2017,2.44,9
369,19,2017,2.56,17
313,19,2017,2.42,1
328,19,2017,2.39,6
345,19,2017,2.65,1
388,19,2017,15.29,12
268,19,2017,11.33,8
288,19,2017,16.45,15
385,19,2017,15.31,12
389,19,2017,20.21,9
281,19,2017,16.23,15
379,19,2017,14.13,3
368,19,2017,22.14,12
304,19,2017,15.96,14
387,19,2017,15.34,16
277,19,2017,21.55,8
196,19,2017,23.39,15
356,19,2017,22.24,9
260,19,2017,21.62,8
283,19,2017,22.37,14
381,19,2017,24.41,9
354,19,2017,18.72,2
374,19,2017,14.48,3
365,19,2017,16.79,9
255,19,2017,27.97,8
248,19,2017,23.05,8
378,19,2017,14.09,16
310,19,2017,2.7,14
301,19,2017,0.99,7
311,19,2017,3.06,10
344,19,2017,3.17,7
330,19,2017,2.46,6
323,19,2017,3.25,7
382,19,2017,3.26,17
321,19,2017,3.32,1
331,19,2017,3.24,7
336,19,2017,3.45,7
303,19,2017,3.45,6
305,19,2017,3.48,10
322,19,2017,3.64,14
363,19,2017,3.71,13
317,19,2017,3.78,6
261,19,2017,20.55,8
376,19,2017,18.02,3
373,19,2017,22.75,3
359,19,2017,30.76,2
256,19,2017,28.84,8
353,19,2017,33.72,2
347,19,2017,25.52,11
236,19,2017,34.78,4
296,19,2017,22.1,14
355,19,2017,36.45,2
312,19,2017,3.8,1
332,19,2017,3.94,6
306,19,2017,3.91,6
346,19,2017,3.99,6
318,19,2017,4.1,7
315,19,2017,4.16,6
327,19,2017,4.02,1
326,19,2017,4.12,1
351,19,2017,4.31,1
319,19,2017,4.3,10
335,19,2017,4.54,10
309,19,2017,4.59,7
349,19,2017,32.62,11
211,19,2017,28.13,4
228,19,2017,27.85,4
199,19,2017,21.51,4
231,19,2017,34.2,4
219,19,2017,41.32,4
233,19,2017,39.84,4
225,19,2017,39.48,4
214,19,2017,32.14,4
299,19,2017,40.66,14
358,19,2017,35.1,9
380,19,2017,36.74,12
371,19,2017,37.79,9
207,19,2017,31.35,4
377,19,2017,4.94,13
250,19,2017,5.16,5
341,19,2017,5.67,7
239,19,2017,41.08,4
240,19,2017,44.69,4
223,19,2017,38.63,4
216,19,2017,43.82,4
215,19,2017,46.64,4
242,19,2017,46.09,4
213,19,2017,48.85,4
206,19,2017,46.91,4
362,19,2017,41.87,9
342,19,2017,5.81,10
254,19,2017,5.6,8
329,19,2017,5.77,7
307,19,2017,6.07,7
275,19,2017,6.5,5
339,19,2017,6.76,10
370,19,2017,44.25,3
295,19,2017,47.86,15
280,19,2017,39.08,4
201,19,2017,43.5,4
212,19,2017,44.17,4
241,19,2017,53.61,4
222,19,2017,58.53,4
262,19,2017,53.21,8
278,19,2017,58.77,2
292,19,2017,6.62,14
298,19,2017,6.6,14
279,19,2017,6.85,14
308,19,2017,7.07,10
251,19,2017,7.2,8
360,19,2017,7.07,2
338,19,2017,7.68,10
238,19,2017,59.97,4
291,19,2017,64.09,2
220,19,2017,62.63,4
227,19,2017,58.55,4
276,19,2017,7.76,8
293,19,2017,6.69,14
367,19,2017,5.09,16
372,19,2017,7.89,9
357,19,2017,7.64,2
253,19,2017,8.39,8
285,19,2017,8.59,14
350,19,2017,8.61,10
197,19,2017,39.17,4
208,19,2017,72.81,4
203,19,2017,72.7,4
221,19,2017,70.54,4
218,19,2017,57.22,4
210,19,2017,55.45,4
209,19,2017,61.58,4
366,19,2017,8.68,17
300,19,2017,8.97,7
333,19,2017,8.95,7
361,19,2017,5.91,9
364,19,2017,9.25,9
198,19,2017,83.02,4
200,19,2017,72.92,4
237,19,2017,45.78,4
340,19,2016,1.07,7
361,19,2016,6.31,9
316,19,2016,9.58,14
333,19,2016,10.05,7
243,19,2016,9.31,8
217,19,2016,97.32,4
324,19,2016,10.8,11
290,19,2016,10.76,14
244,19,2016,10.89,8
204,19,2016,95.3,4
224,19,2016,98.96,4
386,19,2016,8.11,16
348,19,2016,11.73,14
287,19,2016,8.87,15
230,19,2016,105.0,4
205,19,2016,102.9,4
229,19,2016,111.1,4
235,19,2016,112.1,4
294,19,2016,72.69,4
246,19,2016,10.24,8
286,19,2016,11.61,14
302,19,2016,11.51,14
245,19,2016,12.83,8
234,19,2016,13.15,4
258,19,2016,10.33,8
226,19,2016,13.84,4
257,19,2016,14.36,8
282,19,2016,10.17,2
247,19,2016,14.11,8
252,19,2016,11.77,8
259,19,2016,13.75,8
337,19,2016,12.33,10
272,19,2016,13.99,8
265,19,2016,14.81,8
269,19,2016,15.15,8
249,19,2016,16.0,8
284,19,2016,13.75,14
202,19,2016,16.2,4
267,19,2016,16.69,8
297,19,2016,16.66,15
289,19,2016,14.52,14
271,19,2016,16.29,8
270,19,2016,14.13,8
383,19,2016,14.86,16
352,19,2016,17.17,11
375,19,2016,18.11,17
266,19,2016,17.09,8
264,19,2016,18.03,8
274,19,2016,8.9,8
263,19,2016,16.56,8
314,19,2016,2.29,1
320,19,2016,2.3,1
343,19,2016,2.36,7
334,19,2016,2.48,1
328,19,2016,2.39,6
384,19,2016,2.49,9
369,19,2016,2.63,17
345,19,2016,2.71,1
313,19,2016,2.64,1
273,19,2016,14.24,8
388,19,2016,15.83,12
325,19,2016,20.38,11
232,19,2016,14.42,4
268,19,2016,12.02,8
389,19,2016,20.46,9
379,19,2016,14.21,3
368,19,2016,21.18,12
385,19,2016,16.26,12
288,19,2016,17.67,15
281,19,2016,17.37,15
277,19,2016,22.32,8
304,19,2016,17.76,14
196,19,2016,24.07,15
387,19,2016,16.66,16
356,19,2016,23.4,9
260,19,2016,22.93,8
381,19,2016,24.66,9
255,19,2016,27.07,8
283,19,2016,23.6,14
354,19,2016,20.08,2
374,19,2016,15.31,3
310,19,2016,2.63,14
311,19,2016,3.07,10
344,19,2016,3.21,7
301,19,2016,1.09,7
330,19,2016,2.64,6
323,19,2016,3.36,7
382,19,2016,3.35,17
321,19,2016,3.42,1
303,19,2016,3.5,6
336,19,2016,3.48,7
331,19,2016,3.49,7
363,19,2016,3.74,13
322,19,2016,3.73,14
305,19,2016,3.72,10
317,19,2016,3.83,6
378,19,2016,14.9,16
365,19,2016,18.5,9
248,19,2016,24.61,8
261,19,2016,21.81,8
376,19,2016,19.11,3
373,19,2016,24.26,3
296,19,2016,21.58,14
256,19,2016,29.39,8
359,19,2016,32.68,2
347,19,2016,27.69,11
353,19,2016,35.31,2
236,19,2016,35.37,4
312,19,2016,3.86,1
306,19,2016,3.95,6
332,19,2016,3.95,6
315,19,2016,4.14,6
346,19,2016,4.06,6
318,19,2016,4.12,7
351,19,2016,4.34,1
327,19,2016,4.37,1
326,19,2016,4.39,1
319,19,2016,4.57,10
335,19,2016,4.66,10
309,19,2016,4.65,7
355,19,2016,38.89,2
349,19,2016,33.29,11
211,19,2016,30.09,4
228,19,2016,29.6,4
231,19,2016,36.87,4
219,19,2016,42.08,4
199,19,2016,24.95,4
225,19,2016,41.46,4
299,19,2016,42.01,14
233,19,2016,43.02,4
214,19,2016,34.56,4
358,19,2016,37.43,9
377,19,2016,5.12,13
250,19,2016,5.22,5
380,19,2016,38.67,12
371,19,2016,40.19,9
207,19,2016,33.73,4
240,19,2016,47.1,4
239,19,2016,44.44,4
216,19,2016,46.69,4
223,19,2016,43.06,4
215,19,2016,49.17,4
242,19,2016,49.15,4
206,19,2016,49.12,4
362,19,2016,44.22,9
370,19,2016,45.15,3
213,19,2016,52.16,4
341,19,2016,5.78,7
342,19,2016,5.9,10
254,19,2016,5.41,8
307,19,2016,6.07,7
329,19,2016,5.89,7
275,19,2016,6.58,5
212,19,2016,44.7,4
295,19,2016,50.61,15
280,19,2016,41.74,4
201,19,2016,47.18,4
241,19,2016,56.34,4
222,19,2016,58.81,4
262,19,2016,56.39,8
298,19,2016,6.92,14
292,19,2016,7.02,14
279,19,2016,7.04,14
339,19,2016,7.4,10
308,19,2016,7.43,10
251,19,2016,7.46,8
278,19,2016,61.65,2
238,19,2016,62.93,4
291,19,2016,66.91,2
220,19,2016,66.17,4
227,19,2016,62.16,4
372,19,2016,7.96,9
360,19,2016,7.69,2
367,19,2016,5.46,16
276,19,2016,8.19,8
338,19,2016,8.27,10
293,19,2016,7.24,14
253,19,2016,8.58,8
208,19,2016,75.56,4
197,19,2016,42.61,4
203,19,2016,76.47,4
221,19,2016,73.7,4
218,19,2016,61.3,4
357,19,2016,8.38,2
285,19,2016,8.68,14
350,19,2016,8.87,10
300,19,2016,9.05,7
366,19,2016,9.34,17
364,19,2016,9.27,9
210,19,2016,59.06,4
209,19,2016,65.52,4
198,19,2016,85.68,4
200,19,2016,77.66,4
237,19,2016,49.46,4
361,19,2015,6.73,9
316,19,2015,9.82,14
366,19,2015,10.08,17
243,19,2015,9.5,8
200,19,2015,82.46,4
333,19,2015,10.6,7
290,19,2015,10.88,14
244,19,2015,11.37,8
324,19,2015,11.6,11
217,19,2015,100.4,4
204,19,2015,98.58,4
224,19,2015,103.0,4
386,19,2015,8.57,16
286,19,2015,11.13,14
230,19,2015,108.5,4
229,19,2015,112.8,4
205,19,2015,108.5,4
246,19,2015,10.87,8
348,19,2015,12.32,14
287,19,2015,9.59,15
294,19,2015,77.61,4
245,19,2015,13.01,8
302,19,2015,12.16,14
234,19,2015,13.11,4
226,19,2015,13.71,4
235,19,2015,126.6,4
259,19,2015,13.63,8
258,19,2015,10.95,8
257,19,2015,14.67,8
282,19,2015,10.96,2
252,19,2015,12.48,8
337,19,2015,12.64,10
247,19,2015,14.8,8
249,19,2015,15.37,8
265,19,2015,15.4,8
272,19,2015,14.99,8
269,19,2015,15.62,8
267,19,2015,16.65,8
284,19,2015,14.34,14
297,19,2015,17.12,15
271,19,2015,16.44,8
270,19,2015,14.8,8
202,19,2015,17.49,4
289,19,2015,15.36,14
383,19,2015,15.42,16
264,19,2015,17.91,8
277,19,2015,18.14,8
266,19,2015,17.67,8
274,19,2015,9.45,8
375,19,2015,19.08,17
352,19,2015,18.26,11
340,19,2015,1.17,7
314,19,2015,2.35,1
320,19,2015,2.29,1
343,19,2015,2.42,7
328,19,2015,2.4,6
384,19,2015,2.53,9
334,19,2015,2.57,1
369,19,2015,2.7,17
310,19,2015,2.6,14
345,19,2015,2.76,1
273,19,2015,15.01,8
263,19,2015,17.42,8
388,19,2015,16.41,12
379,19,2015,14.23,3
368,19,2015,20.52,12
389,19,2015,20.66,9
268,19,2015,12.82,8
325,19,2015,21.59,11
385,19,2015,17.22,12
232,19,2015,16.35,4
281,19,2015,18.6,15
288,19,2015,19.04,15
196,19,2015,24.65,15
387,19,2015,18.03,16
304,19,2015,19.81,14
255,19,2015,26.16,8
356,19,2015,24.56,9
381,19,2015,24.92,9
260,19,2015,24.23,8
283,19,2015,24.88,14
313,19,2015,2.86,1
311,19,2015,3.05,10
344,19,2015,3.24,7
330,19,2015,2.81,6
382,19,2015,3.45,17
323,19,2015,3.45,7
301,19,2015,1.22,7
336,19,2015,3.5,7
321,19,2015,3.52,1
303,19,2015,3.57,6
363,19,2015,3.79,13
322,19,2015,3.83,14
317,19,2015,3.86,6
374,19,2015,16.22,3
354,19,2015,21.59,2
378,19,2015,15.62,16
365,19,2015,20.4,9
248,19,2015,26.32,8
376,19,2015,20.26,3
261,19,2015,22.99,8
256,19,2015,29.85,8
373,19,2015,25.69,3
347,19,2015,29.82,11
236,19,2015,36.02,4
359,19,2015,34.58,2
353,19,2015,37.02,2
331,19,2015,3.78,7
305,19,2015,3.95,10
312,19,2015,3.9,1
306,19,2015,3.98,6
332,19,2015,3.97,6
315,19,2015,4.1,6
318,19,2015,4.11,7
346,19,2015,4.13,6
351,19,2015,4.39,1
327,19,2015,4.59,1
309,19,2015,4.7,7
335,19,2015,4.8,10
349,19,2015,33.47,11
355,19,2015,41.39,2
296,19,2015,28.82,14
228,19,2015,31.04,4
211,19,2015,32.35,4
219,19,2015,43.32,4
231,19,2015,39.46,4
199,19,2015,28.05,4
225,19,2015,43.18,4
299,19,2015,43.49,14
319,19,2015,4.86,10
326,19,2015,4.71,1
250,19,2015,5.28,5
377,19,2015,5.3,13
214,19,2015,37.27,4
233,19,2015,46.29,4
358,19,2015,39.98,9
380,19,2015,40.71,12
207,19,2015,36.27,4
371,19,2015,42.86,9
240,19,2015,49.57,4
216,19,2015,49.74,4
239,19,2015,48.61,4
223,19,2015,47.93,4
370,19,2015,45.67,3
215,19,2015,51.64,4
254,19,2015,5.3,8
342,19,2015,6.0,10
341,19,2015,6.0,7
307,19,2015,6.06,7
329,19,2015,5.98,7
275,19,2015,6.67,5
242,19,2015,52.69,4
206,19,2015,51.11,4
362,19,2015,46.68,9
213,19,2015,55.76,4
212,19,2015,48.05,4
295,19,2015,53.44,15
280,19,2015,44.52,4
222,19,2015,59.16,4
201,19,2015,51.5,4
241,19,2015,60.03,4
262,19,2015,59.23,8
279,19,2015,7.21,14
298,19,2015,7.22,14
292,19,2015,7.39,14
278,19,2015,64.67,2
238,19,2015,66.0,4
291,19,2015,69.62,2
251,19,2015,7.72,8
372,19,2015,7.97,9
308,19,2015,7.89,10
339,19,2015,8.09,10
367,19,2015,5.85,16
360,19,2015,8.35,2
276,19,2015,8.61,8
220,19,2015,71.28,4
227,19,2015,66.76,4
208,19,2015,78.25,4
197,19,2015,46.27,4
221,19,2015,76.96,4
203,19,2015,80.17,4
253,19,2015,8.8,8
293,19,2015,7.8,14
285,19,2015,8.83,14
338,19,2015,8.96,10
350,19,2015,9.15,10
300,19,2015,9.23,7
357,19,2015,9.12,2
364,19,2015,9.27,9
218,19,2015,65.61,4
210,19,2015,63.18,4
209,19,2015,70.22,4
198,19,2015,88.2,4
237,19,2015,52.74,4
357,19,2014,9.87,2
361,19,2014,7.22,9
316,19,2014,10.18,14
200,19,2014,87.33,4
243,19,2014,9.68,8
333,19,2014,10.6,7
290,19,2014,10.96,14
366,19,2014,10.87,17
217,19,2014,102.8,4
204,19,2014,102.1,4
224,19,2014,107.2,4
244,19,2014,11.91,8
286,19,2014,10.75,14
386,19,2014,9.07,16
230,19,2014,111.8,4
229,19,2014,114.4,4
324,19,2014,12.76,11
246,19,2014,11.48,8
287,19,2014,10.39,15
205,19,2014,113.4,4
294,19,2014,82.93,4
235,19,2014,126.8,4
348,19,2014,12.96,14
245,19,2014,13.22,8
234,19,2014,13.05,4
226,19,2014,13.84,4
259,19,2014,13.51,8
302,19,2014,12.82,14
337,19,2014,13.0,10
257,19,2014,14.97,8
258,19,2014,11.7,8
282,19,2014,11.86,2
252,19,2014,13.2,8
249,19,2014,15.85,8
247,19,2014,15.48,8
265,19,2014,15.98,8
267,19,2014,16.52,8
269,19,2014,16.08,8
272,19,2014,15.92,8
271,19,2014,16.56,8
284,19,2014,14.98,14
297,19,2014,17.35,15
277,19,2014,17.58,8
270,19,2014,15.35,8
383,19,2014,15.88,16
264,19,2014,17.76,8
274,19,2014,10.03,8
202,19,2014,18.92,4
340,19,2014,1.27,7
314,19,2014,2.42,1
320,19,2014,2.29,1
328,19,2014,2.4,6
343,19,2014,2.5,7
384,19,2014,2.56,9
334,19,2014,2.66,1
369,19,2014,2.78,17
310,19,2014,2.6,14
345,19,2014,2.8,1
266,19,2014,18.25,8
375,19,2014,20.04,17
379,19,2014,14.21,3
273,19,2014,15.72,8
368,19,2014,20.22,12
263,19,2014,18.29,8
388,19,2014,17.02,12
289,19,2014,18.18,14
352,19,2014,19.47,11
389,19,2014,20.83,9
268,19,2014,13.64,8
325,19,2014,22.81,11
385,19,2014,18.24,12
281,19,2014,19.86,15
288,19,2014,20.54,15
232,19,2014,18.53,4
196,19,2014,25.11,15
255,19,2014,25.24,8
387,19,2014,19.48,16
381,19,2014,25.26,9
304,19,2014,21.85,14
356,19,2014,25.81,9
260,19,2014,25.52,8
311,19,2014,3.01,10
313,19,2014,3.1,1
344,19,2014,3.31,7
330,19,2014,2.99,6
323,19,2014,3.54,7
382,19,2014,3.55,17
336,19,2014,3.51,7
301,19,2014,1.38,7
303,19,2014,3.65,6
321,19,2014,3.62,1
283,19,2014,26.15,14
374,19,2014,17.17,3
378,19,2014,16.54,16
354,19,2014,23.29,2
365,19,2014,22.91,9
248,19,2014,28.13,8
376,19,2014,21.44,3
261,19,2014,24.25,8
256,19,2014,30.32,8
373,19,2014,27.18,3
347,19,2014,31.8,11
236,19,2014,36.76,4
359,19,2014,36.48,2
317,19,2014,3.89,6
363,19,2014,3.89,13
322,19,2014,3.92,14
312,19,2014,3.92,1
332,19,2014,4.01,6
315,19,2014,4.05,6
306,19,2014,4.03,6
318,19,2014,4.06,7
305,19,2014,4.18,10
346,19,2014,4.19,6
331,19,2014,4.11,7
351,19,2014,4.45,1
353,19,2014,38.85,2
349,19,2014,33.48,11
228,19,2014,31.62,4
296,19,2014,31.58,14
355,19,2014,44.0,2
211,19,2014,34.69,4
299,19,2014,43.17,14
219,19,2014,44.7,4
231,19,2014,42.08,4
327,19,2014,4.66,1
309,19,2014,4.76,7
335,19,2014,4.94,10
319,19,2014,5.13,10
250,19,2014,5.34,5
326,19,2014,5.14,1
377,19,2014,5.48,13
199,19,2014,31.69,4
225,19,2014,44.84,4
214,19,2014,39.94,4
380,19,2014,42.57,12
358,19,2014,42.5,9
233,19,2014,49.36,4
207,19,2014,39.19,4
371,19,2014,45.83,9
240,19,2014,51.61,4
216,19,2014,52.66,4
370,19,2014,46.25,3
239,19,2014,52.47,4
223,19,2014,52.7,4
254,19,2014,5.24,8
342,19,2014,6.11,10
307,19,2014,6.07,7
341,19,2014,6.29,7
329,19,2014,6.06,7
275,19,2014,6.76,5
215,19,2014,54.28,4
242,19,2014,55.48,4
362,19,2014,49.23,9
206,19,2014,52.92,4
222,19,2014,59.63,4
213,19,2014,59.37,4
295,19,2014,56.05,15
212,19,2014,52.32,4
280,19,2014,47.41,4
241,19,2014,61.99,4
279,19,2014,7.37,14
298,19,2014,7.47,14
201,19,2014,56.12,4
262,19,2014,61.78,8
278,19,2014,67.66,2
238,19,2014,69.19,4
291,19,2014,72.34,2
292,19,2014,7.73,14
251,19,2014,7.91,8
372,19,2014,7.95,9
308,19,2014,8.4,10
339,19,2014,8.76,10
220,19,2014,72.97,4
227,19,2014,72.4,4
208,19,2014,81.49,4
367,19,2014,6.27,16
285,19,2014,9.04,14
360,19,2014,9.01,2
276,19,2014,9.0,8
253,19,2014,9.05,8
293,19,2014,8.37,14
350,19,2014,9.49,10
364,19,2014,9.24,9
300,19,2014,9.58,7
338,19,2014,9.66,10
221,19,2014,81.43,4
197,19,2014,50.76,4
203,19,2014,84.25,4
218,19,2014,70.4,4
210,19,2014,67.43,4
209,19,2014,74.54,4
237,19,2014,56.17,4
198,19,2014,90.67,4
293,19,2013,8.91,14
350,19,2013,9.88,10
300,19,2013,10.11,7
338,19,2013,10.32,10
333,19,2013,10.16,7
210,19,2013,71.96,4
198,19,2013,93.15,4
209,19,2013,79.14,4
200,19,2013,92.53,4
361,19,2013,7.71,9
357,19,2013,10.63,2
290,19,2013,11.05,14
243,19,2013,9.86,8
316,19,2013,10.66,14
217,19,2013,104.6,4
286,19,2013,10.49,14
366,19,2013,11.75,17
386,19,2013,9.56,16
244,19,2013,12.49,8
204,19,2013,105.0,4
224,19,2013,111.2,4
230,19,2013,114.7,4
229,19,2013,116.3,4
246,19,2013,12.04,8
205,19,2013,118.2,4
287,19,2013,11.32,15
234,19,2013,12.98,4
245,19,2013,13.48,8
324,19,2013,14.21,11
259,19,2013,13.4,8
348,19,2013,13.67,14
226,19,2013,14.02,4
294,19,2013,88.85,4
235,19,2013,129.4,4
302,19,2013,13.53,14
337,19,2013,13.4,10
257,19,2013,15.32,8
258,19,2013,12.48,8
252,19,2013,13.91,8
249,19,2013,16.35,8
282,19,2013,12.8,2
247,19,2013,16.14,8
265,19,2013,16.54,8
267,19,2013,16.39,8
277,19,2013,17.37,8
271,19,2013,16.64,8
269,19,2013,16.6,8
297,19,2013,17.48,15
270,19,2013,15.69,8
272,19,2013,16.87,8
284,19,2013,15.62,14
383,19,2013,16.27,16
264,19,2013,17.59,8
289,19,2013,17.09,14
340,19,2013,1.37,7
320,19,2013,2.29,1
314,19,2013,2.51,1
328,19,2013,2.4,6
384,19,2013,2.58,9
343,19,2013,2.6,7
334,19,2013,2.76,1
345,19,2013,2.83,1
369,19,2013,2.86,17
379,19,2013,14.29,3
274,19,2013,10.68,8
266,19,2013,18.86,8
368,19,2013,20.22,12
202,19,2013,20.41,4
273,19,2013,16.42,8
375,19,2013,21.11,17
388,19,2013,17.67,12
263,19,2013,19.16,8
389,19,2013,20.96,9
352,19,2013,20.81,11
268,19,2013,14.51,8
385,19,2013,19.24,12
325,19,2013,24.01,11
281,19,2013,21.19,15
255,19,2013,24.35,8
196,19,2013,25.5,15
288,19,2013,22.13,15
232,19,2013,20.97,4
387,19,2013,20.92,16
381,19,2013,25.64,9
356,19,2013,27.11,9
310,19,2013,2.64,14
311,19,2013,3.0,10
344,19,2013,3.39,7
313,19,2013,3.35,1
330,19,2013,3.17,6
336,19,2013,3.52,7
323,19,2013,3.62,7
382,19,2013,3.66,17
301,19,2013,1.56,7
321,19,2013,3.72,1
303,19,2013,3.75,6
304,19,2013,23.9,14
260,19,2013,26.89,8
283,19,2013,27.37,14
374,19,2013,18.21,3
378,19,2013,17.35,16
354,19,2013,25.13,2
376,19,2013,22.67,3
261,19,2013,25.56,8
256,19,2013,30.72,8
365,19,2013,25.89,9
248,19,2013,30.21,8
373,19,2013,28.73,3
347,19,2013,33.5,11
236,19,2013,37.92,4
317,19,2013,3.92,6
312,19,2013,3.91,1
363,19,2013,4.04,13
315,19,2013,4.03,6
322,19,2013,4.03,14
318,19,2013,3.99,7
306,19,2013,4.1,6
332,19,2013,4.05,6
346,19,2013,4.24,6
305,19,2013,4.43,10
351,19,2013,4.56,1
331,19,2013,4.51,7
359,19,2013,38.47,2
349,19,2013,33.32,11
353,19,2013,40.77,2
228,19,2013,34.56,4
296,19,2013,35.4,14
355,19,2013,46.73,2
211,19,2013,37.35,4
299,19,2013,44.34,14
327,19,2013,4.65,1
309,19,2013,4.83,7
335,19,2013,5.11,10
250,19,2013,5.41,5
319,19,2013,5.36,10
377,19,2013,5.64,13
219,19,2013,45.91,4
199,19,2013,34.93,4
225,19,2013,46.39,4
231,19,2013,44.79,4
380,19,2013,44.41,12
214,19,2013,42.65,4
358,19,2013,45.28,9
207,19,2013,42.32,4
233,19,2013,52.29,4
370,19,2013,46.85,3
371,19,2013,49.12,9
240,19,2013,54.24,4
254,19,2013,5.22,8
326,19,2013,5.64,1
307,19,2013,6.11,7
342,19,2013,6.22,10
329,19,2013,6.12,7
341,19,2013,6.57,7
216,19,2013,55.56,4
239,19,2013,56.33,4
223,19,2013,58.12,4
215,19,2013,56.9,4
362,19,2013,51.97,9
206,19,2013,54.62,4
242,19,2013,59.25,4
222,19,2013,60.17,4
212,19,2013,53.6,4
295,19,2013,58.54,15
280,19,2013,50.15,4
275,19,2013,6.86,5
279,19,2013,7.54,14
213,19,2013,63.09,4
241,19,2013,64.78,4
262,19,2013,64.13,8
201,19,2013,61.37,4
278,19,2013,70.88,2
372,19,2013,7.92,9
298,19,2013,7.71,14
251,19,2013,8.06,8
292,19,2013,8.03,14
291,19,2013,74.94,2
238,19,2013,72.31,4
220,19,2013,74.08,4
308,19,2013,8.95,10
367,19,2013,6.73,16
339,19,2013,9.29,10
253,19,2013,9.33,8
285,19,2013,9.32,14
276,19,2013,9.36,8
364,19,2013,9.2,9
360,19,2013,9.63,2
227,19,2013,77.68,4
221,19,2013,82.2,4
208,19,2013,84.88,4
203,19,2013,88.41,4
197,19,2013,56.91,4
237,19,2013,59.98,4
218,19,2013,75.81,4
276,19,2012,9.68,8
333,19,2012,9.76,7
360,19,2012,10.17,2
350,19,2012,10.32,10
293,19,2012,9.49,14
237,19,2012,64.54,4
203,19,2012,92.72,4
210,19,2012,77.09,4
218,19,2012,81.86,4
198,19,2012,95.62,4
197,19,2012,64.25,4
209,19,2012,84.01,4
300,19,2012,10.84,7
338,19,2012,10.96,10
243,19,2012,10.06,8
290,19,2012,11.17,14
361,19,2012,8.26,9
200,19,2012,98.04,4
217,19,2012,106.9,4
316,19,2012,11.32,14
357,19,2012,11.41,2
286,19,2012,10.34,14
386,19,2012,10.02,16
204,19,2012,107.5,4
224,19,2012,115.4,4
244,19,2012,13.06,8
366,19,2012,12.71,17
230,19,2012,117.5,4
229,19,2012,118.5,4
205,19,2012,122.9,4
246,19,2012,12.5,8
234,19,2012,12.87,4
259,19,2012,13.3,8
245,19,2012,13.77,8
226,19,2012,14.0,4
294,19,2012,94.83,4
235,19,2012,135.6,4
287,19,2012,12.34,15
348,19,2012,14.48,14
324,19,2012,15.99,11
337,19,2012,13.89,10
302,19,2012,14.26,14
252,19,2012,14.64,8
249,19,2012,16.89,8
257,19,2012,15.75,8
258,19,2012,13.38,8
277,19,2012,17.1,8
282,19,2012,13.84,2
267,19,2012,16.32,8
247,19,2012,16.77,8
271,19,2012,16.71,8
265,19,2012,17.07,8
270,19,2012,15.91,8
297,19,2012,17.6,15
269,19,2012,17.21,8
264,19,2012,17.38,8
284,19,2012,16.28,14
383,19,2012,16.58,16
272,19,2012,17.77,8
379,19,2012,14.45,3
340,19,2012,1.48,7
320,19,2012,2.3,1
328,19,2012,2.42,6
314,19,2012,2.62,1
384,19,2012,2.61,9
343,19,2012,2.71,7
289,19,2012,17.92,14
274,19,2012,11.31,8
368,19,2012,20.5,12
266,19,2012,19.53,8
273,19,2012,17.1,8
388,19,2012,18.37,12
389,19,2012,21.05,9
263,19,2012,20.06,8
202,19,2012,21.89,4
375,19,2012,22.36,17
268,19,2012,15.45,8
255,19,2012,23.48,8
385,19,2012,20.34,12
352,19,2012,22.37,11
325,19,2012,25.25,11
281,19,2012,22.62,15
196,19,2012,25.81,15
288,19,2012,23.78,15
381,19,2012,26.1,9
387,19,2012,22.48,16
369,19,2012,2.95,17
345,19,2012,2.86,1
334,19,2012,2.86,1
310,19,2012,2.72,14
311,19,2012,3.04,10
344,19,2012,3.49,7
336,19,2012,3.55,7
330,19,2012,3.35,6
323,19,2012,3.7,7
382,19,2012,3.77,17
313,19,2012,3.62,1
232,19,2012,23.5,4
356,19,2012,28.4,9
260,19,2012,28.31,8
283,19,2012,28.56,14
304,19,2012,26.01,14
374,19,2012,19.23,3
378,19,2012,18.33,16
256,19,2012,31.01,8
354,19,2012,27.25,2
261,19,2012,26.87,8
376,19,2012,23.89,3
248,19,2012,32.42,8
365,19,2012,29.27,9
373,19,2012,30.21,3
321,19,2012,3.81,1
303,19,2012,3.89,6
318,19,2012,3.92,7
317,19,2012,3.96,6
301,19,2012,1.74,7
312,19,2012,3.91,1
315,19,2012,4.03,6
332,19,2012,4.12,6
363,19,2012,4.23,13
306,19,2012,4.17,6
322,19,2012,4.16,14
346,19,2012,4.29,6
351,19,2012,4.7,1
305,19,2012,4.71,10
347,19,2012,34.8,11
236,19,2012,39.7,4
349,19,2012,33.21,11
359,19,2012,40.49,2
296,19,2012,33.56,14
353,19,2012,42.83,2
327,19,2012,4.83,1
309,19,2012,4.93,7
331,19,2012,4.97,7
335,19,2012,5.31,10
250,19,2012,5.48,5
319,19,2012,5.54,10
228,19,2012,37.47,4
219,19,2012,47.09,4
211,19,2012,40.27,4
299,19,2012,46.19,14
355,19,2012,49.57,2
225,19,2012,47.79,4
199,19,2012,38.78,4
231,19,2012,47.95,4
380,19,2012,46.35,12
214,19,2012,45.68,4
370,19,2012,47.46,3
358,19,2012,48.44,9
207,19,2012,45.78,4
233,19,2012,55.19,4
254,19,2012,5.25,8
377,19,2012,5.79,13
307,19,2012,6.18,7
326,19,2012,6.2,1
342,19,2012,6.34,10
329,19,2012,6.17,7
371,19,2012,52.52,9
240,19,2012,57.0,4
216,19,2012,58.55,4
239,19,2012,60.82,4
362,19,2012,54.67,9
215,19,2012,59.63,4
222,19,2012,61.1,4
206,19,2012,56.33,4
212,19,2012,57.15,4
341,19,2012,6.86,7
275,19,2012,6.97,5
295,19,2012,60.93,15
223,19,2012,64.32,4
280,19,2012,53.15,4
242,19,2012,65.03,4
213,19,2012,67.03,4
241,19,2012,67.64,4
262,19,2012,66.51,8
372,19,2012,7.92,9
279,19,2012,7.75,14
298,19,2012,7.93,14
251,19,2012,8.2,8
292,19,2012,8.29,14
201,19,2012,67.08,4
278,19,2012,74.16,2
291,19,2012,77.42,2
238,19,2012,75.33,4
220,19,2012,75.71,4
364,19,2012,9.15,9
308,19,2012,9.53,10
367,19,2012,7.21,16
339,19,2012,9.68,10
253,19,2012,9.65,8
285,19,2012,9.67,14
221,19,2012,84.85,4
227,19,2012,83.74,4
208,19,2012,88.03,4
333,19,2011,9.54,7
339,19,2011,9.96,10
253,19,2011,9.96,8
285,19,2011,10.05,14
308,19,2011,10.03,10
276,19,2011,9.99,8
367,19,2011,7.72,16
360,19,2011,10.61,2
227,19,2011,89.23,4
237,19,2011,70.44,4
203,19,2011,96.82,4
198,19,2011,98.07,4
210,19,2011,82.42,4
218,19,2011,88.21,4
209,19,2011,88.91,4
350,19,2011,10.84,10
293,19,2011,10.07,14
290,19,2011,11.29,14
243,19,2011,10.25,8
338,19,2011,11.48,10
197,19,2011,73.41,4
200,19,2011,103.5,4
217,19,2011,109.3,4
361,19,2011,8.82,9
300,19,2011,11.78,7
286,19,2011,10.29,14
204,19,2011,110.6,4
224,19,2011,119.6,4
386,19,2011,10.44,16
357,19,2011,12.2,2
316,19,2011,12.2,14
244,19,2011,13.65,8
230,19,2011,120.5,4
229,19,2011,121.1,4
234,19,2011,12.78,4
246,19,2011,12.9,8
259,19,2011,13.21,8
366,19,2011,13.73,17
226,19,2011,13.88,4
205,19,2011,127.7,4
245,19,2011,14.1,8
294,19,2011,101.3,4
235,19,2011,142.0,4
337,19,2011,14.39,10
348,19,2011,15.37,14
277,19,2011,16.89,8
302,19,2011,15.03,14
252,19,2011,15.41,8
271,19,2011,16.76,8
249,19,2011,17.49,8
257,19,2011,16.26,8
267,19,2011,16.36,8
247,19,2011,17.31,8
258,19,2011,14.37,8
282,19,2011,14.97,2
270,19,2011,15.95,8
324,19,2011,17.93,11
265,19,2011,17.6,8
297,19,2011,17.77,15
264,19,2011,17.17,8
383,19,2011,16.82,16
269,19,2011,17.95,8
379,19,2011,14.68,3
287,19,2011,16.7,15
284,19,2011,16.96,14
340,19,2011,1.6,7
320,19,2011,2.33,1
328,19,2011,2.45,6
384,19,2011,2.63,9
314,19,2011,2.74,1
272,19,2011,18.6,8
289,19,2011,18.76,14
274,19,2011,12.02,8
368,19,2011,20.95,12
273,19,2011,17.78,8
266,19,2011,20.25,8
389,19,2011,21.07,9
388,19,2011,19.15,12
263,19,2011,21.01,8
296,19,2011,18.95,14
255,19,2011,22.65,8
202,19,2011,23.26,4
375,19,2011,23.82,17
268,19,2011,16.39,8
385,19,2011,21.39,12
196,19,2011,26.2,15
281,19,2011,24.1,15
325,19,2011,26.59,11
352,19,2011,24.09,11
381,19,2011,26.6,9
288,19,2011,25.48,15
345,19,2011,2.89,1
343,19,2011,2.84,7
334,19,2011,2.98,1
310,19,2011,2.83,14
369,19,2011,3.14,17
311,19,2011,3.13,10
344,19,2011,3.62,7
336,19,2011,3.6,7
330,19,2011,3.52,6
323,19,2011,3.79,7
387,19,2011,24.08,16
356,19,2011,29.74,9
232,19,2011,26.18,4
260,19,2011,29.77,8
283,19,2011,29.79,14
374,19,2011,20.15,3
378,19,2011,19.34,16
256,19,2011,31.3,8
304,19,2011,28.28,14
261,19,2011,28.28,8
376,19,2011,25.33,3
354,19,2011,29.76,2
373,19,2011,31.5,3
248,19,2011,34.74,8
318,19,2011,3.87,7
382,19,2011,3.9,17
321,19,2011,3.9,1
312,19,2011,3.9,1
317,19,2011,4.02,6
313,19,2011,3.93,1
303,19,2011,4.04,6
315,19,2011,4.07,6
332,19,2011,4.21,6
301,19,2011,1.95,7
306,19,2011,4.25,6
322,19,2011,4.3,14
346,19,2011,4.34,6
363,19,2011,4.45,13
365,19,2011,33.07,9
347,19,2011,36.0,11
349,19,2011,33.29,11
236,19,2011,43.41,4
359,19,2011,42.53,2
353,19,2011,45.03,2
228,19,2011,38.03,4
351,19,2011,4.87,1
305,19,2011,5.03,10
309,19,2011,5.06,7
327,19,2011,5.2,1
335,19,2011,5.54,10
250,19,2011,5.56,5
319,19,2011,5.67,10
219,19,2011,47.92,4
299,19,2011,47.8,14
211,19,2011,43.26,4
225,19,2011,49.15,4
355,19,2011,52.46,2
380,19,2011,48.07,12
370,19,2011,48.27,3
231,19,2011,52.01,4
199,19,2011,42.84,4
214,19,2011,48.48,4
331,19,2011,5.5,7
254,19,2011,5.31,8
377,19,2011,5.92,13
307,19,2011,6.29,7
342,19,2011,6.47,10
329,19,2011,6.22,7
207,19,2011,49.54,4
358,19,2011,51.58,9
233,19,2011,58.3,4
371,19,2011,55.97,9
240,19,2011,59.98,4
216,19,2011,61.73,4
222,19,2011,62.45,4
362,19,2011,57.37,9
326,19,2011,6.77,1
275,19,2011,7.09,5
341,19,2011,7.09,7
215,19,2011,62.48,4
206,19,2011,58.11,4
239,19,2011,65.71,4
295,19,2011,63.29,15
280,19,2011,56.22,4
212,19,2011,63.67,4
241,19,2011,69.89,4
223,19,2011,70.37,4
262,19,2011,68.81,8
213,19,2011,71.16,4
372,19,2011,7.93,9
279,19,2011,7.98,14
251,19,2011,8.35,8
298,19,2011,8.13,14
292,19,2011,8.52,14
242,19,2011,72.9,4
278,19,2011,77.57,2
201,19,2011,72.72,4
291,19,2011,79.82,2
238,19,2011,78.22,4
220,19,2011,78.13,4
364,19,2011,9.09,9
221,19,2011,87.62,4
208,19,2011,91.09,4
333,19,2010,9.67,7
339,19,2010,10.22,10
253,19,2010,10.24,8
285,19,2010,10.41,14
308,19,2010,10.45,10
276,19,2010,10.41,8
367,19,2010,8.28,16
208,19,2010,94.25,4
227,19,2010,94.51,4
198,19,2010,100.5,4
237,19,2010,77.41,4
360,19,2010,10.97,2
290,19,2010,11.4,14
350,19,2010,11.38,10
243,19,2010,10.5,8
203,19,2010,100.8,4
210,19,2010,87.89,4
209,19,2010,94.4,4
218,19,2010,95.07,4
197,19,2010,83.27,4
293,19,2010,10.7,14
338,19,2010,12.06,10
361,19,2010,9.4,9
286,19,2010,10.36,14
200,19,2010,108.9,4
217,19,2010,111.7,4
204,19,2010,114.1,4
386,19,2010,10.87,16
300,19,2010,12.86,7
357,19,2010,13.08,2
224,19,2010,123.8,4
230,19,2010,123.5,4
262,19,2010,122.8,8
229,19,2010,124.7,4
234,19,2010,12.7,4
316,19,2010,13.3,14
246,19,2010,13.23,8
259,19,2010,13.14,8
226,19,2010,13.66,4
244,19,2010,14.19,8
205,19,2010,132.5,4
245,19,2010,14.48,8
366,19,2010,14.85,17
294,19,2010,109.0,4
287,19,2010,14.76,15
235,19,2010,148.8,4
337,19,2010,14.86,10
277,19,2010,16.75,8
348,19,2010,16.39,14
271,19,2010,16.82,8
270,19,2010,15.95,8
252,19,2010,16.13,8
267,19,2010,16.51,8
302,19,2010,15.87,14
249,19,2010,18.12,8
247,19,2010,17.79,8
257,19,2010,16.84,8
297,19,2010,18.05,15
296,19,2010,15.64,14
264,19,2010,16.99,8
258,19,2010,15.47,8
265,19,2010,18.14,8
282,19,2010,16.27,2
383,19,2010,16.97,16
379,19,2010,15.01,3
340,19,2010,1.72,7
320,19,2010,2.36,1
328,19,2010,2.49,6
384,19,2010,2.64,9
269,19,2010,18.82,8
284,19,2010,17.65,14
324,19,2010,19.98,11
272,19,2010,19.33,8
289,19,2010,19.58,14
368,19,2010,21.5,12
274,19,2010,12.8,8
389,19,2010,21.03,9
255,19,2010,21.84,8
273,19,2010,18.45,8
266,19,2010,21.01,8
388,19,2010,19.98,12
263,19,2010,21.94,8
202,19,2010,24.45,4
268,19,2010,17.41,8
375,19,2010,25.51,17
385,19,2010,22.33,12
196,19,2010,26.74,15
281,19,2010,25.51,15
325,19,2010,28.57,11
381,19,2010,27.14,9
314,19,2010,2.88,1
345,19,2010,2.94,1
343,19,2010,3.0,7
369,19,2010,3.14,17
334,19,2010,3.11,1
310,19,2010,3.0,14
311,19,2010,3.25,10
336,19,2010,3.67,7
344,19,2010,3.77,7
352,19,2010,26.13,11
288,19,2010,27.29,15
387,19,2010,25.79,16
356,19,2010,31.14,9
374,19,2010,21.14,3
283,19,2010,30.92,14
260,19,2010,31.22,8
256,19,2010,31.58,8
378,19,2010,20.32,16
232,19,2010,29.14,4
261,19,2010,29.73,8
376,19,2010,26.62,3
304,19,2010,30.69,14
373,19,2010,32.63,3
330,19,2010,3.68,6
318,19,2010,3.84,7
323,19,2010,3.89,7
312,19,2010,3.94,1
382,19,2010,4.05,17
321,19,2010,4.0,1
317,19,2010,4.1,6
315,19,2010,4.13,6
303,19,2010,4.16,6
332,19,2010,4.32,6
306,19,2010,4.34,6
301,19,2010,2.16,7
313,19,2010,4.28,1
322,19,2010,4.45,14
346,19,2010,4.4,6
363,19,2010,4.67,13
354,19,2010,32.75,2
248,19,2010,37.19,8
347,19,2010,37.29,11
349,19,2010,33.58,11
365,19,2010,36.82,9
359,19,2010,44.63,2
353,19,2010,47.4,2
228,19,2010,39.84,4
351,19,2010,5.07,1
309,19,2010,5.22,7
305,19,2010,5.42,10
250,19,2010,5.63,5
236,19,2010,49.18,4
219,19,2010,49.06,4
299,19,2010,49.65,14
211,19,2010,46.27,4
225,19,2010,50.6,4
355,19,2010,55.47,2
370,19,2010,49.26,3
380,19,2010,49.79,12
199,19,2010,42.82,4
319,19,2010,5.84,10
335,19,2010,5.85,10
327,19,2010,5.68,1
254,19,2010,5.41,8
377,19,2010,6.03,13
331,19,2010,6.09,7
307,19,2010,6.4,7
329,19,2010,6.25,7
342,19,2010,6.65,10
214,19,2010,51.35,4
207,19,2010,53.31,4
358,19,2010,54.89,9
231,19,2010,57.47,4
233,19,2010,61.68,4
371,19,2010,59.5,9
240,19,2010,63.48,4
216,19,2010,64.93,4
275,19,2010,7.22,5
341,19,2010,7.31,7
326,19,2010,7.31,1
222,19,2010,64.16,4
362,19,2010,60.07,9
206,19,2010,59.95,4
215,19,2010,65.44,4
295,19,2010,65.76,15
280,19,2010,59.37,4
239,19,2010,70.46,4
241,19,2010,72.14,4
372,19,2010,7.96,9
279,19,2010,8.27,14
251,19,2010,8.51,8
298,19,2010,8.32,14
213,19,2010,75.49,4
223,19,2010,76.06,4
242,19,2010,77.92,4
291,19,2010,82.09,2
212,19,2010,75.25,4
278,19,2010,81.37,2
238,19,2010,81.15,4
292,19,2010,8.72,14
364,19,2010,9.01,9
201,19,2010,78.49,4
220,19,2010,81.73,4
221,19,2010,90.71,4
253,19,2009,10.47,8
339,19,2009,10.54,10
333,19,2009,10.26,7
220,19,2009,89.83,4
221,19,2009,94.46,4
208,19,2009,97.83,4
227,19,2009,97.9,4
285,19,2009,10.71,14
308,19,2009,10.78,10
276,19,2009,10.93,8
367,19,2009,8.88,16
290,19,2009,11.47,14
198,19,2009,102.9,4
237,19,2009,85.01,4
203,19,2009,105.0,4
210,19,2009,93.82,4
209,19,2009,99.78,4
243,19,2009,10.72,8
350,19,2009,11.96,10
286,19,2009,10.54,14
218,19,2009,101.9,4
217,19,2009,114.2,4
200,19,2009,114.7,4
197,19,2009,93.59,4
293,19,2009,11.4,14
338,19,2009,12.71,10
361,19,2009,10.03,9
386,19,2009,11.21,16
204,19,2009,117.8,4
230,19,2009,127.0,4
224,19,2009,128.2,4
234,19,2009,12.65,4
259,19,2009,13.08,8
300,19,2009,14.04,7
246,19,2009,13.52,8
226,19,2009,13.78,4
357,19,2009,14.07,2
229,19,2009,129.0,4
244,19,2009,14.68,8
316,19,2009,14.62,14
245,19,2009,14.85,8
205,19,2009,137.3,4
294,19,2009,117.1,4
235,19,2009,155.8,4
366,19,2009,16.04,17
277,19,2009,16.73,8
337,19,2009,15.3,10
287,19,2009,16.23,15
271,19,2009,16.86,8
270,19,2009,15.96,8
296,19,2009,16.07,14
267,19,2009,16.71,8
252,19,2009,16.85,8
264,19,2009,16.83,8
297,19,2009,18.41,15
348,19,2009,17.52,14
247,19,2009,18.23,8
302,19,2009,16.76,14
249,19,2009,18.82,8
379,19,2009,15.5,3
257,19,2009,17.45,8
265,19,2009,18.7,8
320,19,2009,2.41,1
340,19,2009,1.85,7
384,19,2009,2.65,9
328,19,2009,2.55,6
258,19,2009,16.62,8
282,19,2009,17.66,2
284,19,2009,18.31,14
360,19,2009,20.31,2
269,19,2009,19.79,8
272,19,2009,19.93,8
255,19,2009,21.09,8
324,19,2009,22.02,11
368,19,2009,22.04,12
289,19,2009,20.39,14
274,19,2009,13.59,8
389,19,2009,20.98,9
273,19,2009,19.11,8
388,19,2009,20.74,12
266,19,2009,21.9,8
383,19,2009,22.39,16
263,19,2009,22.92,8
202,19,2009,25.37,4
268,19,2009,18.33,8
385,19,2009,23.19,12
375,19,2009,27.44,17
196,19,2009,27.44,15
345,19,2009,3.01,1
314,19,2009,3.02,1
369,19,2009,3.24,17
343,19,2009,3.16,7
334,19,2009,3.26,1
311,19,2009,3.4,10
310,19,2009,3.19,14
336,19,2009,3.77,7
281,19,2009,26.91,15
381,19,2009,27.72,9
325,19,2009,30.82,11
387,19,2009,27.33,16
352,19,2009,28.37,11
288,19,2009,29.2,15
356,19,2009,32.58,9
256,19,2009,31.88,8
374,19,2009,22.14,3
283,19,2009,32.04,14
378,19,2009,21.47,16
260,19,2009,32.78,8
376,19,2009,27.82,3
261,19,2009,31.07,8
232,19,2009,32.42,4
373,19,2009,33.5,3
318,19,2009,3.86,7
344,19,2009,3.93,7
330,19,2009,3.82,6
323,19,2009,3.98,7
312,19,2009,4.02,1
321,19,2009,4.12,1
317,19,2009,4.19,6
315,19,2009,4.2,6
382,19,2009,4.23,17
303,19,2009,4.27,6
306,19,2009,4.44,6
332,19,2009,4.46,6
346,19,2009,4.47,6
322,19,2009,4.61,14
301,19,2009,2.4,7
304,19,2009,33.22,14
354,19,2009,36.18,2
349,19,2009,34.43,11
347,19,2009,38.73,11
248,19,2009,39.77,8
365,19,2009,40.64,9
313,19,2009,4.68,1
363,19,2009,4.9,13
351,19,2009,5.27,1
309,19,2009,5.43,7
250,19,2009,5.71,5
359,19,2009,46.73,2
353,19,2009,49.97,2
228,19,2009,43.56,4
219,19,2009,50.81,4
211,19,2009,49.28,4
299,19,2009,51.97,14
225,19,2009,52.29,4
370,19,2009,50.39,3
380,19,2009,51.48,12
305,19,2009,5.89,10
254,19,2009,5.53,8
319,19,2009,6.05,10
377,19,2009,6.12,13
335,19,2009,6.2,10
327,19,2009,6.3,1
307,19,2009,6.53,7
329,19,2009,6.26,7
236,19,2009,57.22,4
199,19,2009,44.25,4
355,19,2009,58.51,2
214,19,2009,54.26,4
207,19,2009,56.85,4
358,19,2009,58.07,9
231,19,2009,63.29,4
342,19,2009,6.88,10
331,19,2009,6.76,7
275,19,2009,7.36,5
341,19,2009,7.51,7
233,19,2009,65.33,4
371,19,2009,63.0,9
240,19,2009,66.99,4
222,19,2009,66.29,4
216,19,2009,68.11,4
362,19,2009,62.71,9
206,19,2009,61.87,4
215,19,2009,68.51,4
295,19,2009,68.16,15
280,19,2009,62.4,4
372,19,2009,7.99,9
326,19,2009,7.85,1
251,19,2009,8.62,8
262,19,2009,73.33,8
239,19,2009,75.54,4
241,19,2009,76.57,4
213,19,2009,80.09,4
223,19,2009,81.02,4
291,19,2009,84.29,2
298,19,2009,8.51,14
279,19,2009,8.62,14
292,19,2009,8.93,14
364,19,2009,8.95,9
242,19,2009,82.6,4
238,19,2009,83.97,4
278,19,2009,85.36,2
201,19,2009,84.54,4
212,19,2009,85.31,4
253,19,2008,10.65,8
358,19,2008,89.94,9
201,19,2008,90.86,4
212,19,2008,91.48,4
221,19,2008,98.91,4
285,19,2008,10.94,14
339,19,2008,11.04,10
308,19,2008,11.11,10
333,19,2008,10.99,7
276,19,2008,11.58,8
220,19,2008,99.3,4
208,19,2008,102.0,4
198,19,2008,105.3,4
227,19,2008,103.7,4
203,19,2008,108.1,4
210,19,2008,99.25,4
290,19,2008,11.52,14
360,19,2008,11.71,2
367,19,2008,9.6,16
243,19,2008,10.95,8
350,19,2008,12.54,10
237,19,2008,93.05,4
209,19,2008,105.4,4
218,19,2008,108.6,4
217,19,2008,116.8,4
286,19,2008,10.81,14
386,19,2008,11.55,16
361,19,2008,10.74,9
293,19,2008,12.15,14
338,19,2008,13.58,10
200,19,2008,120.9,4
204,19,2008,121.8,4
197,19,2008,104.8,4
234,19,2008,12.57,4
259,19,2008,13.06,8
246,19,2008,13.76,8
226,19,2008,14.08,4
230,19,2008,130.7,4
224,19,2008,132.7,4
229,19,2008,134.6,4
244,19,2008,15.1,8
300,19,2008,15.29,7
205,19,2008,141.6,4
245,19,2008,15.2,8
357,19,2008,15.21,2
294,19,2008,124.7,4
277,19,2008,16.82,8
316,19,2008,16.16,14
337,19,2008,15.51,10
235,19,2008,162.9,4
271,19,2008,16.88,8
270,19,2008,16.05,8
366,19,2008,17.37,17
287,19,2008,17.83,15
296,19,2008,16.49,14
264,19,2008,16.68,8
383,19,2008,17.08,16
267,19,2008,17.01,8
252,19,2008,17.56,8
247,19,2008,18.62,8
297,19,2008,18.81,15
320,19,2008,2.46,1
384,19,2008,2.66,9
328,19,2008,2.63,6
379,19,2008,16.14,3
302,19,2008,17.73,14
265,19,2008,19.28,8
348,19,2008,18.77,14
249,19,2008,19.64,8
257,19,2008,18.11,8
258,19,2008,17.83,8
284,19,2008,19.0,14
282,19,2008,19.17,2
255,19,2008,20.38,8
272,19,2008,20.34,8
269,19,2008,20.87,8
368,19,2008,22.46,12
389,19,2008,20.9,9
289,19,2008,21.25,14
274,19,2008,14.41,8
273,19,2008,19.74,8
324,19,2008,23.91,11
388,19,2008,21.44,12
266,19,2008,22.87,8
263,19,2008,23.92,8
202,19,2008,25.95,4
268,19,2008,19.34,8
385,19,2008,24.02,12
196,19,2008,28.33,15
340,19,2008,1.99,7
345,19,2008,3.09,1
314,19,2008,3.17,1
369,19,2008,3.35,17
343,19,2008,3.35,7
334,19,2008,3.41,1
311,19,2008,3.58,10
310,19,2008,3.42,14
381,19,2008,28.32,9
375,19,2008,29.59,17
281,19,2008,28.35,15
325,19,2008,32.9,11
387,19,2008,29.02,16
288,19,2008,31.12,15
256,19,2008,32.17,8
374,19,2008,23.19,3
352,19,2008,30.8,11
356,19,2008,34.05,9
378,19,2008,22.36,16
283,19,2008,33.1,14
260,19,2008,34.34,8
376,19,2008,28.98,3
261,19,2008,32.41,8
318,19,2008,3.92,7
336,19,2008,3.88,7
323,19,2008,4.06,7
330,19,2008,3.93,6
344,19,2008,4.11,7
312,19,2008,4.14,1
317,19,2008,4.29,6
315,19,2008,4.28,6
321,19,2008,4.26,1
303,19,2008,4.37,6
382,19,2008,4.45,17
306,19,2008,4.55,6
332,19,2008,4.62,6
346,19,2008,4.56,6
322,19,2008,4.79,14
373,19,2008,34.25,3
304,19,2008,35.89,14
232,19,2008,35.87,4
349,19,2008,35.49,11
354,19,2008,39.8,2
347,19,2008,40.45,11
248,19,2008,42.53,8
301,19,2008,2.64,7
363,19,2008,5.11,13
313,19,2008,5.12,1
351,19,2008,5.47,1
309,19,2008,5.66,7
250,19,2008,5.79,5
365,19,2008,44.5,9
359,19,2008,48.93,2
353,19,2008,52.73,2
228,19,2008,47.66,4
219,19,2008,53.84,4
370,19,2008,51.35,3
211,19,2008,52.13,4
377,19,2008,6.2,13
254,19,2008,5.69,8
319,19,2008,6.31,10
305,19,2008,6.45,10
335,19,2008,6.54,10
329,19,2008,6.26,7
307,19,2008,6.65,7
299,19,2008,54.66,14
225,19,2008,54.45,4
380,19,2008,53.18,12
199,19,2008,46.34,4
355,19,2008,61.64,2
214,19,2008,56.97,4
236,19,2008,64.67,4
207,19,2008,60.74,4
327,19,2008,6.92,1
342,19,2008,7.14,10
275,19,2008,7.49,5
233,19,2008,69.4,4
371,19,2008,66.63,9
222,19,2008,68.83,4
216,19,2008,71.01,4
231,19,2008,69.84,4
362,19,2008,65.77,9
240,19,2008,71.37,4
206,19,2008,63.83,4
295,19,2008,70.65,15
331,19,2008,7.5,7
341,19,2008,7.66,7
372,19,2008,7.99,9
326,19,2008,8.35,1
251,19,2008,8.68,8
215,19,2008,71.86,4
280,19,2008,65.45,4
262,19,2008,75.45,8
239,19,2008,80.72,4
241,19,2008,81.53,4
298,19,2008,8.69,14
364,19,2008,8.89,9
279,19,2008,9.02,14
292,19,2008,9.14,14
291,19,2008,86.34,2
213,19,2008,84.98,4
242,19,2008,85.51,4
223,19,2008,86.47,4
238,19,2008,86.78,4
278,19,2008,89.45,2
278,19,2007,93.56,2
212,19,2007,93.97,4
201,19,2007,97.32,4
253,19,2007,10.8,8
285,19,2007,11.12,14
308,19,2007,11.56,10
220,19,2007,102.0,4
221,19,2007,104.6,4
208,19,2007,105.9,4
198,19,2007,107.7,4
227,19,2007,109.7,4
339,19,2007,11.74,10
290,19,2007,11.56,14
333,19,2007,11.8,7
367,19,2007,10.34,16
360,19,2007,12.32,2
243,19,2007,11.19,8
276,19,2007,12.35,8
203,19,2007,111.4,4
210,19,2007,104.8,4
237,19,2007,101.6,4
209,19,2007,110.8,4
217,19,2007,119.7,4
350,19,2007,13.08,10
286,19,2007,11.23,14
234,19,2007,12.52,4
218,19,2007,115.3,4
200,19,2007,127.4,4
386,19,2007,11.87,16
259,19,2007,13.07,8
361,19,2007,11.57,9
293,19,2007,12.95,14
204,19,2007,125.7,4
230,19,2007,134.7,4
197,19,2007,116.3,4
224,19,2007,137.4,4
246,19,2007,13.99,8
226,19,2007,14.37,4
338,19,2007,14.87,10
244,19,2007,15.5,8
229,19,2007,141.7,4
205,19,2007,145.7,4
245,19,2007,15.54,8
294,19,2007,131.3,4
300,19,2007,16.59,7
277,19,2007,17.11,8
357,19,2007,16.52,2
271,19,2007,16.9,8
337,19,2007,15.68,10
270,19,2007,16.24,8
235,19,2007,169.6,4
316,19,2007,17.85,14
264,19,2007,16.54,8
296,19,2007,16.91,14
383,19,2007,17.05,16
320,19,2007,2.54,1
384,19,2007,2.68,9
247,19,2007,19.03,8
366,19,2007,18.87,17
297,19,2007,19.18,15
267,19,2007,17.4,8
252,19,2007,18.25,8
287,19,2007,19.52,15
379,19,2007,16.79,3
255,19,2007,19.71,8
265,19,2007,19.9,8
302,19,2007,18.75,14
257,19,2007,18.84,8
249,19,2007,20.63,8
284,19,2007,19.69,14
348,19,2007,20.17,14
272,19,2007,20.54,8
258,19,2007,19.11,8
282,19,2007,20.77,2
269,19,2007,22.06,8
368,19,2007,22.69,12
389,19,2007,20.91,9
274,19,2007,15.31,8
289,19,2007,22.07,14
273,19,2007,20.44,8
388,19,2007,22.06,12
324,19,2007,25.59,11
266,19,2007,23.95,8
202,19,2007,26.2,4
263,19,2007,24.96,8
268,19,2007,20.34,8
385,19,2007,24.7,12
340,19,2007,2.15,7
328,19,2007,2.73,6
345,19,2007,3.2,1
314,19,2007,3.32,1
369,19,2007,3.46,17
334,19,2007,3.56,1
343,19,2007,3.55,7
311,19,2007,3.78,10
196,19,2007,29.42,15
381,19,2007,29.01,9
281,19,2007,29.81,15
375,19,2007,31.99,17
387,19,2007,30.71,16
256,19,2007,32.52,8
325,19,2007,34.88,11
374,19,2007,24.08,3
288,19,2007,33.18,15
378,19,2007,23.26,16
283,19,2007,34.16,14
356,19,2007,35.6,9
376,19,2007,30.09,3
352,19,2007,33.43,11
260,19,2007,35.94,8
261,19,2007,33.67,8
310,19,2007,3.67,14
318,19,2007,4.03,7
336,19,2007,4.03,7
323,19,2007,4.16,7
330,19,2007,4.03,6
344,19,2007,4.28,7
315,19,2007,4.35,6
312,19,2007,4.29,1
317,19,2007,4.41,6
321,19,2007,4.43,1
303,19,2007,4.48,6
306,19,2007,4.66,6
382,19,2007,4.73,17
346,19,2007,4.66,6
332,19,2007,4.81,6
373,19,2007,34.73,3
304,19,2007,38.74,14
232,19,2007,39.56,4
349,19,2007,37.12,11
347,19,2007,42.65,11
354,19,2007,43.54,2
322,19,2007,4.99,14
301,19,2007,2.85,7
363,19,2007,5.31,13
351,19,2007,5.64,1
248,19,2007,45.46,8
359,19,2007,51.17,2
365,19,2007,48.64,9
353,19,2007,55.7,2
313,19,2007,5.6,1
250,19,2007,5.86,5
309,19,2007,5.92,7
377,19,2007,6.26,13
254,19,2007,5.87,8
319,19,2007,6.63,10
329,19,2007,6.25,7
370,19,2007,52.26,3
228,19,2007,53.46,4
211,19,2007,54.96,4
380,19,2007,54.76,12
219,19,2007,57.9,4
299,19,2007,57.67,14
199,19,2007,46.73,4
225,19,2007,57.2,4
355,19,2007,64.74,2
214,19,2007,59.49,4
335,19,2007,6.86,10
307,19,2007,6.79,7
305,19,2007,7.1,10
342,19,2007,7.44,10
275,19,2007,7.62,5
358,19,2007,64.25,9
207,19,2007,65.45,4
236,19,2007,70.93,4
222,19,2007,71.72,4
371,19,2007,70.37,9
216,19,2007,73.7,4
233,19,2007,74.22,4
206,19,2007,65.83,4
327,19,2007,7.58,1
341,19,2007,7.84,7
372,19,2007,7.99,9
331,19,2007,8.28,7
251,19,2007,8.71,8
362,19,2007,69.04,9
295,19,2007,73.3,15
240,19,2007,75.71,4
280,19,2007,68.16,4
215,19,2007,75.36,4
231,19,2007,77.73,4
262,19,2007,77.48,8
326,19,2007,8.85,1
298,19,2007,8.87,14
364,19,2007,8.86,9
279,19,2007,9.43,14
292,19,2007,9.37,14
239,19,2007,86.64,4
291,19,2007,88.32,2
241,19,2007,86.27,4
242,19,2007,86.78,4
238,19,2007,89.6,4
213,19,2007,90.14,4
223,19,2007,92.27,4
292,19,2006,9.63,14
279,19,2006,9.82,14
238,19,2006,92.49,4
213,19,2006,95.74,4
223,19,2006,96.94,4
278,19,2006,97.66,2
253,19,2006,10.92,8
285,19,2006,11.26,14
212,19,2006,98.63,4
220,19,2006,105.9,4
201,19,2006,104.3,4
208,19,2006,109.7,4
198,19,2006,110.4,4
290,19,2006,11.62,14
308,19,2006,12.13,10
339,19,2006,12.6,10
221,19,2006,111.4,4
203,19,2006,114.6,4
227,19,2006,116.6,4
210,19,2006,110.3,4
243,19,2006,11.46,8
333,19,2006,12.5,7
367,19,2006,11.12,16
360,19,2006,13.08,2
276,19,2006,13.18,8
234,19,2006,12.48,4
350,19,2006,13.53,10
209,19,2006,116.2,4
217,19,2006,122.9,4
237,19,2006,109.3,4
218,19,2006,122.0,4
286,19,2006,11.76,14
386,19,2006,12.2,16
259,19,2006,13.1,8
204,19,2006,129.9,4
200,19,2006,134.0,4
230,19,2006,139.2,4
361,19,2006,12.45,9
246,19,2006,14.16,8
226,19,2006,14.67,4
293,19,2006,13.8,14
224,19,2006,142.3,4
197,19,2006,127.4,4
244,19,2006,15.95,8
245,19,2006,15.77,8
338,19,2006,16.25,10
229,19,2006,150.0,4
205,19,2006,149.7,4
277,19,2006,17.58,8
294,19,2006,134.3,4
271,19,2006,16.91,8
300,19,2006,17.92,7
270,19,2006,16.55,8
235,19,2006,176.2,4
337,19,2006,15.96,10
264,19,2006,16.47,8
383,19,2006,17.0,16
296,19,2006,17.31,14
357,19,2006,18.07,2
384,19,2006,2.71,9
255,19,2006,19.1,8
247,19,2006,19.45,8
297,19,2006,19.57,15
267,19,2006,17.88,8
252,19,2006,18.92,8
316,19,2006,19.67,14
379,19,2006,17.59,3
287,19,2006,21.19,15
366,19,2006,20.56,17
265,19,2006,20.57,8
272,19,2006,20.64,8
257,19,2006,19.6,8
302,19,2006,19.8,14
284,19,2006,20.39,14
249,19,2006,21.78,8
368,19,2006,22.71,12
258,19,2006,20.43,8
348,19,2006,21.69,14
389,19,2006,21.09,9
282,19,2006,22.29,2
269,19,2006,23.36,8
274,19,2006,16.15,8
289,19,2006,22.94,14
273,19,2006,21.1,8
388,19,2006,22.61,12
202,19,2006,26.22,4
266,19,2006,25.08,8
263,19,2006,26.06,8
385,19,2006,25.27,12
324,19,2006,27.08,11
268,19,2006,21.37,8
320,19,2006,2.64,1
328,19,2006,2.85,6
340,19,2006,2.32,7
345,19,2006,3.32,1
314,19,2006,3.46,1
369,19,2006,3.57,17
334,19,2006,3.72,1
381,19,2006,29.72,9
196,19,2006,30.65,15
281,19,2006,31.34,15
256,19,2006,32.91,8
374,19,2006,24.96,3
387,19,2006,32.2,16
375,19,2006,34.68,17
378,19,2006,24.04,16
325,19,2006,36.56,11
376,19,2006,31.16,3
283,19,2006,35.14,14
288,19,2006,35.24,15
356,19,2006,37.25,9
343,19,2006,3.75,7
311,19,2006,3.99,10
310,19,2006,3.95,14
318,19,2006,4.21,7
323,19,2006,4.26,7
330,19,2006,4.12,6
336,19,2006,4.23,7
315,19,2006,4.44,6
344,19,2006,4.46,7
317,19,2006,4.52,6
312,19,2006,4.47,1
303,19,2006,4.58,6
321,19,2006,4.66,1
306,19,2006,4.77,6
346,19,2006,4.77,6
261,19,2006,34.97,8
373,19,2006,35.13,3
260,19,2006,37.56,8
352,19,2006,36.34,11
304,19,2006,41.45,14
349,19,2006,39.14,11
332,19,2006,5.0,6
382,19,2006,5.08,17
322,19,2006,5.2,14
301,19,2006,3.07,7
363,19,2006,5.48,13
351,19,2006,5.79,1
232,19,2006,43.64,4
347,19,2006,45.41,11
248,19,2006,48.53,8
354,19,2006,47.35,2
359,19,2006,53.59,2
365,19,2006,53.08,9
250,19,2006,5.93,5
309,19,2006,6.19,7
313,19,2006,6.14,1
377,19,2006,6.34,13
254,19,2006,6.07,8
329,19,2006,6.26,7
370,19,2006,52.88,3
353,19,2006,58.9,2
380,19,2006,56.29,12
211,19,2006,57.66,4
199,19,2006,48.39,4
228,19,2006,57.92,4
219,19,2006,61.5,4
299,19,2006,61.08,14
225,19,2006,60.89,4
319,19,2006,6.96,10
307,19,2006,6.95,7
335,19,2006,7.14,10
275,19,2006,7.73,5
355,19,2006,67.9,2
214,19,2006,62.09,4
358,19,2006,67.07,9
236,19,2006,74.96,4
207,19,2006,70.92,4
342,19,2006,7.74,10
305,19,2006,7.8,10
372,19,2006,7.99,9
341,19,2006,8.1,7
327,19,2006,8.15,1
222,19,2006,74.79,4
216,19,2006,76.15,4
206,19,2006,67.93,4
371,19,2006,74.12,9
362,19,2006,72.72,9
295,19,2006,75.92,15
233,19,2006,79.73,4
280,19,2006,70.74,4
262,19,2006,79.63,8
240,19,2006,80.71,4
215,19,2006,79.02,4
251,19,2006,8.76,8
364,19,2006,8.83,9
298,19,2006,9.05,14
331,19,2006,9.09,7
326,19,2006,9.37,1
242,19,2006,85.92,4
231,19,2006,86.9,4
291,19,2006,90.2,2
241,19,2006,91.45,4
239,19,2006,93.09,4
292,19,2005,9.92,14
326,19,2005,9.94,1
331,19,2005,9.91,7
279,19,2005,10.17,14
238,19,2005,95.49,4
231,19,2005,97.6,4
241,19,2005,98.73,4
239,19,2005,100.1,4
213,19,2005,101.6,4
278,19,2005,101.9,2
253,19,2005,11.06,8
285,19,2005,11.42,14
223,19,2005,102.8,4
220,19,2005,106.6,4
212,19,2005,107.8,4
290,19,2005,11.74,14
198,19,2005,113.2,4
208,19,2005,113.3,4
201,19,2005,111.0,4
203,19,2005,117.8,4
221,19,2005,119.7,4
243,19,2005,11.7,8
308,19,2005,12.93,10
333,19,2005,13.0,7
234,19,2005,12.42,4
339,19,2005,13.6,10
227,19,2005,122.3,4
210,19,2005,115.5,4
209,19,2005,121.4,4
217,19,2005,126.9,4
367,19,2005,11.91,16
360,19,2005,13.79,2
276,19,2005,14.04,8
259,19,2005,13.2,8
350,19,2005,13.92,10
386,19,2005,12.55,16
237,19,2005,117.0,4
218,19,2005,128.3,4
204,19,2005,134.2,4
286,19,2005,12.41,14
246,19,2005,14.29,8
226,19,2005,14.76,4
200,19,2005,140.4,4
230,19,2005,144.1,4
224,19,2005,147.4,4
361,19,2005,13.45,9
293,19,2005,14.7,14
244,19,2005,16.41,8
245,19,2005,15.88,8
197,19,2005,137.9,4
205,19,2005,153.5,4
294,19,2005,135.2,4
229,19,2005,159.6,4
271,19,2005,16.95,8
338,19,2005,17.69,10
277,19,2005,18.16,8
264,19,2005,16.41,8
383,19,2005,17.02,16
270,19,2005,17.04,8
296,19,2005,17.7,14
255,19,2005,18.52,8
235,19,2005,182.6,4
337,19,2005,16.57,10
300,19,2005,19.2,7
247,19,2005,19.9,8
252,19,2005,19.6,8
267,19,2005,18.49,8
357,19,2005,19.92,2
297,19,2005,20.09,15
379,19,2005,18.44,3
272,19,2005,20.64,8
265,19,2005,21.29,8
287,19,2005,22.67,15
284,19,2005,21.11,14
368,19,2005,22.56,12
257,19,2005,20.39,8
316,19,2005,21.54,14
302,19,2005,20.97,14
366,19,2005,22.56,17
249,19,2005,23.16,8
258,19,2005,21.8,8
389,19,2005,21.32,9
274,19,2005,16.94,8
348,19,2005,23.4,14
289,19,2005,23.77,14
269,19,2005,24.78,8
273,19,2005,21.81,8
282,19,2005,23.84,2
202,19,2005,26.22,4
388,19,2005,23.11,12
385,19,2005,25.73,12
266,19,2005,26.4,8
268,19,2005,22.49,8
263,19,2005,27.23,8
384,19,2005,2.77,9
320,19,2005,2.75,1
328,19,2005,3.0,6
340,19,2005,2.51,7
345,19,2005,3.46,1
314,19,2005,3.59,1
369,19,2005,3.68,17
324,19,2005,28.56,11
381,19,2005,30.46,9
196,19,2005,31.99,15
281,19,2005,32.96,15
374,19,2005,25.82,3
256,19,2005,33.33,8
378,19,2005,24.57,16
387,19,2005,33.61,16
376,19,2005,32.19,3
325,19,2005,37.69,11
283,19,2005,36.1,14
334,19,2005,3.87,1
343,19,2005,3.96,7
311,19,2005,4.21,10
330,19,2005,4.23,6
323,19,2005,4.39,7
318,19,2005,4.43,7
315,19,2005,4.53,6
310,19,2005,4.26,14
336,19,2005,4.51,7
317,19,2005,4.64,6
344,19,2005,4.62,7
312,19,2005,4.65,1
303,19,2005,4.72,6
375,19,2005,37.75,17
373,19,2005,35.39,3
261,19,2005,36.16,8
288,19,2005,37.34,15
356,19,2005,38.98,9
260,19,2005,39.19,8
352,19,2005,39.33,11
306,19,2005,4.9,6
346,19,2005,4.89,6
321,19,2005,4.98,1
332,19,2005,5.21,6
322,19,2005,5.44,14
382,19,2005,5.46,17
363,19,2005,5.62,13
301,19,2005,3.25,7
349,19,2005,41.7,11
304,19,2005,44.45,14
232,19,2005,47.97,4
347,19,2005,48.84,11
248,19,2005,51.84,8
354,19,2005,51.12,2
351,19,2005,5.93,1
250,19,2005,5.99,5
377,19,2005,6.42,13
309,19,2005,6.48,7
329,19,2005,6.29,7
359,19,2005,56.18,2
370,19,2005,53.53,3
353,19,2005,62.29,2
365,19,2005,57.74,9
380,19,2005,57.7,12
211,19,2005,60.52,4
199,19,2005,52.33,4
254,19,2005,6.28,8
313,19,2005,6.71,1
307,19,2005,7.17,7
319,19,2005,7.32,10
335,19,2005,7.41,10
228,19,2005,62.8,4
299,19,2005,64.79,14
219,19,2005,65.69,4
225,19,2005,65.5,4
214,19,2005,64.13,4
355,19,2005,71.14,2
358,19,2005,69.9,9
236,19,2005,75.27,4
275,19,2005,7.83,5
372,19,2005,8.04,9
342,19,2005,8.03,10
305,19,2005,8.5,10
341,19,2005,8.61,7
216,19,2005,78.41,4
222,19,2005,78.09,4
206,19,2005,70.18,4
207,19,2005,77.09,4
371,19,2005,78.08,9
295,19,2005,78.8,15
362,19,2005,76.82,9
280,19,2005,73.17,4
262,19,2005,81.71,8
327,19,2005,8.56,1
251,19,2005,8.9,8
364,19,2005,8.84,9
298,19,2005,9.24,14
215,19,2005,82.92,4
242,19,2005,83.87,4
233,19,2005,86.04,4
240,19,2005,85.99,4
291,19,2005,92.13,2
298,19,2004,9.42,14
292,19,2004,10.26,14
238,19,2004,98.53,4
279,19,2004,10.48,14
326,19,2004,10.64,1
331,19,2004,10.74,7
253,19,2004,11.26,8
278,19,2004,106.1,2
239,19,2004,107.6,4
213,19,2004,107.7,4
220,19,2004,105.9,4
241,19,2004,107.7,4
231,19,2004,110.3,4
223,19,2004,111.8,4
285,19,2004,11.61,14
212,19,2004,108.2,4
198,19,2004,115.9,4
208,19,2004,117.2,4
290,19,2004,11.97,14
243,19,2004,11.99,8
234,19,2004,12.4,4
201,19,2004,117.4,4
203,19,2004,120.8,4
210,19,2004,120.8,4
221,19,2004,129.3,4
227,19,2004,128.5,4
333,19,2004,13.39,7
308,19,2004,13.83,10
259,19,2004,13.32,8
367,19,2004,12.7,16
209,19,2004,126.2,4
217,19,2004,131.3,4
237,19,2004,124.9,4
339,19,2004,14.69,10
386,19,2004,12.91,16
350,19,2004,14.36,10
276,19,2004,14.8,8
246,19,2004,14.36,8
226,19,2004,14.96,4
286,19,2004,13.17,14
218,19,2004,134.2,4
204,19,2004,138.0,4
200,19,2004,146.7,4
245,19,2004,15.85,8
230,19,2004,149.4,4
224,19,2004,152.8,4
361,19,2004,14.44,9
244,19,2004,16.95,8
293,19,2004,15.63,14
205,19,2004,156.9,4
294,19,2004,135.3,4
197,19,2004,147.7,4
271,19,2004,16.99,8
229,19,2004,170.2,4
264,19,2004,16.44,8
255,19,2004,18.0,8
277,19,2004,18.8,8
338,19,2004,18.84,10
383,19,2004,17.12,16
270,19,2004,17.65,8
296,19,2004,18.15,14
235,19,2004,188.7,4
247,19,2004,20.39,8
300,19,2004,20.41,7
337,19,2004,17.63,10
252,19,2004,20.27,8
267,19,2004,19.16,8
272,19,2004,20.62,8
297,19,2004,20.77,15
379,19,2004,19.27,3
368,19,2004,22.31,12
265,19,2004,22.09,8
284,19,2004,21.86,14
257,19,2004,21.27,8
287,19,2004,23.93,15
302,19,2004,22.18,14
389,19,2004,21.75,9
316,19,2004,23.54,14
274,19,2004,17.78,8
258,19,2004,23.22,8
366,19,2004,24.81,17
249,19,2004,24.73,8
289,19,2004,24.64,14
357,19,2004,24.8,2
273,19,2004,22.61,8
202,19,2004,26.39,4
388,19,2004,23.52,12
348,19,2004,25.26,14
269,19,2004,26.4,8
282,19,2004,25.45,2
360,19,2004,28.15,2
385,19,2004,26.12,12
384,19,2004,2.87,9
320,19,2004,2.87,1
328,19,2004,3.17,6
345,19,2004,3.61,1
340,19,2004,2.71,7
314,19,2004,3.7,1
369,19,2004,3.79,17
268,19,2004,23.62,8
266,19,2004,27.8,8
263,19,2004,28.52,8
324,19,2004,30.08,11
381,19,2004,31.26,9
196,19,2004,33.45,15
374,19,2004,26.79,3
378,19,2004,24.95,16
256,19,2004,33.82,8
281,19,2004,34.66,15
376,19,2004,33.03,3
387,19,2004,34.77,16
334,19,2004,4.04,1
343,19,2004,4.18,7
330,19,2004,4.33,6
311,19,2004,4.42,10
323,19,2004,4.55,7
315,19,2004,4.67,6
317,19,2004,4.77,6
318,19,2004,4.72,7
344,19,2004,4.78,7
283,19,2004,37.02,14
325,19,2004,38.42,11
373,19,2004,35.64,3
261,19,2004,37.32,8
288,19,2004,39.42,15
260,19,2004,40.87,8
375,19,2004,41.18,17
352,19,2004,42.47,11
356,19,2004,46.36,9
310,19,2004,4.57,14
312,19,2004,4.84,1
336,19,2004,4.89,7
303,19,2004,4.87,6
306,19,2004,5.03,6
346,19,2004,5.02,6
332,19,2004,5.41,6
321,19,2004,5.37,1
363,19,2004,5.71,13
322,19,2004,5.7,14
349,19,2004,44.92,11
304,19,2004,47.93,14
248,19,2004,55.32,8
382,19,2004,5.86,17
250,19,2004,6.03,5
351,19,2004,6.03,1
301,19,2004,3.4,7
377,19,2004,6.53,13
347,19,2004,52.88,11
232,19,2004,52.56,4
354,19,2004,54.76,2
370,19,2004,54.03,3
359,19,2004,59.09,2
380,19,2004,59.2,12
353,19,2004,65.91,2
329,19,2004,6.34,7
309,19,2004,6.79,7
254,19,2004,6.52,8
307,19,2004,7.44,7
313,19,2004,7.36,1
335,19,2004,7.67,10
319,19,2004,7.71,10
365,19,2004,63.42,9
211,19,2004,63.53,4
199,19,2004,56.72,4
228,19,2004,65.96,4
299,19,2004,68.72,14
219,19,2004,70.64,4
214,19,2004,66.28,4
225,19,2004,70.49,4
236,19,2004,73.83,4
355,19,2004,74.42,2
358,19,2004,72.56,9
275,19,2004,7.93,5
372,19,2004,8.17,9
342,19,2004,8.31,10
216,19,2004,80.88,4
206,19,2004,72.48,4
222,19,2004,81.58,4
327,19,2004,8.85,1
251,19,2004,9.07,8
305,19,2004,9.19,10
364,19,2004,8.91,9
341,19,2004,9.36,7
295,19,2004,81.9,15
371,19,2004,82.06,9
280,19,2004,75.74,4
242,19,2004,82.77,4
262,19,2004,83.98,8
362,19,2004,81.48,9
207,19,2004,83.65,4
215,19,2004,86.89,4
291,19,2004,94.01,2
240,19,2004,92.15,4
233,19,2004,93.19,4
305,19,2003,9.88,10
298,19,2003,9.59,14
341,19,2003,10.2,7
291,19,2003,95.93,2
240,19,2003,98.82,4
233,19,2003,100.6,4
238,19,2003,101.7,4
292,19,2003,10.63,14
279,19,2003,10.77,14
253,19,2003,11.52,8
326,19,2003,11.32,1
220,19,2003,105.0,4
278,19,2003,110.2,2
212,19,2003,108.1,4
285,19,2003,11.79,14
331,19,2003,11.53,7
213,19,2003,113.6,4
239,19,2003,115.5,4
241,19,2003,117.8,4
198,19,2003,118.9,4
290,19,2003,12.33,14
234,19,2003,12.4,4
243,19,2003,12.32,8
208,19,2003,120.9,4
223,19,2003,123.7,4
231,19,2003,124.4,4
203,19,2003,124.4,4
201,19,2003,123.4,4
333,19,2003,13.58,7
259,19,2003,13.52,8
210,19,2003,125.6,4
209,19,2003,131.0,4
217,19,2003,136.5,4
227,19,2003,135.2,4
308,19,2003,14.73,10
360,19,2003,14.81,2
246,19,2003,14.29,8
386,19,2003,13.29,16
367,19,2003,13.51,16
276,19,2003,15.39,8
350,19,2003,14.86,10
221,19,2003,139.9,4
237,19,2003,131.9,4
204,19,2003,141.5,4
218,19,2003,140.1,4
226,19,2003,15.24,4
339,19,2003,15.84,10
245,19,2003,15.69,8
286,19,2003,14.01,14
200,19,2003,152.3,4
230,19,2003,154.8,4
224,19,2003,158.6,4
244,19,2003,17.49,8
294,19,2003,135.3,4
205,19,2003,160.4,4
361,19,2003,15.44,9
271,19,2003,17.03,8
293,19,2003,16.6,14
255,19,2003,17.52,8
197,19,2003,157.0,4
264,19,2003,16.55,8
383,19,2003,17.34,16
277,19,2003,19.41,8
229,19,2003,181.2,4
338,19,2003,19.48,10
270,19,2003,18.41,8
296,19,2003,18.68,14
235,19,2003,194.4,4
247,19,2003,20.93,8
272,19,2003,20.65,8
252,19,2003,20.94,8
368,19,2003,22.04,12
300,19,2003,21.51,7
267,19,2003,19.9,8
337,19,2003,19.14,10
379,19,2003,20.13,3
297,19,2003,21.65,15
284,19,2003,22.59,14
265,19,2003,22.95,8
257,19,2003,22.23,8
287,19,2003,24.94,15
302,19,2003,23.45,14
389,19,2003,22.38,9
274,19,2003,18.54,8
357,19,2003,24.86,2
289,19,2003,25.5,14
258,19,2003,24.68,8
388,19,2003,23.86,12
202,19,2003,27.0,4
273,19,2003,23.46,8
249,19,2003,26.46,8
316,19,2003,25.62,14
366,19,2003,27.23,17
385,19,2003,26.47,12
384,19,2003,3.0,9
320,19,2003,3.02,1
328,19,2003,3.36,6
345,19,2003,3.73,1
348,19,2003,27.28,14
269,19,2003,28.24,8
282,19,2003,27.2,2
268,19,2003,24.72,8
266,19,2003,29.32,8
263,19,2003,29.88,8
381,19,2003,32.01,9
324,19,2003,31.85,11
378,19,2003,25.25,16
374,19,2003,27.71,3
196,19,2003,34.91,15
256,19,2003,34.42,8
376,19,2003,33.9,3
281,19,2003,36.58,15
387,19,2003,35.73,16
314,19,2003,3.81,1
369,19,2003,3.92,17
340,19,2003,2.94,7
334,19,2003,4.2,1
343,19,2003,4.4,7
330,19,2003,4.45,6
311,19,2003,4.61,10
323,19,2003,4.74,7
315,19,2003,4.84,6
283,19,2003,37.92,14
373,19,2003,35.9,3
325,19,2003,39.22,11
261,19,2003,38.44,8
356,19,2003,42.78,9
288,19,2003,41.53,15
260,19,2003,42.62,8
375,19,2003,44.96,17
317,19,2003,4.88,6
344,19,2003,4.92,7
318,19,2003,5.04,7
303,19,2003,5.01,6
312,19,2003,5.02,1
310,19,2003,4.91,14
346,19,2003,5.14,6
306,19,2003,5.18,6
336,19,2003,5.34,7
332,19,2003,5.6,6
363,19,2003,5.79,13
352,19,2003,45.6,11
349,19,2003,48.54,11
321,19,2003,5.82,1
322,19,2003,5.95,14
250,19,2003,6.06,5
351,19,2003,6.13,1
382,19,2003,6.26,17
301,19,2003,3.54,7
377,19,2003,6.67,13
304,19,2003,51.85,14
370,19,2003,54.73,3
248,19,2003,58.99,8
347,19,2003,57.41,11
354,19,2003,58.5,2
232,19,2003,57.35,4
359,19,2003,62.34,2
380,19,2003,60.5,12
329,19,2003,6.44,7
309,19,2003,7.1,7
254,19,2003,6.77,8
353,19,2003,69.77,2
211,19,2003,66.76,4
199,19,2003,58.28,4
228,19,2003,66.29,4
236,19,2003,72.58,4
365,19,2003,70.46,9
214,19,2003,68.3,4
299,19,2003,72.96,14
307,19,2003,7.79,7
335,19,2003,7.94,10
275,19,2003,8.01,5
319,19,2003,8.17,10
313,19,2003,8.03,1
372,19,2003,8.39,9
342,19,2003,8.56,10
219,19,2003,75.46,4
355,19,2003,77.73,2
358,19,2003,75.12,9
225,19,2003,75.76,4
216,19,2003,83.75,4
206,19,2003,74.66,4
327,19,2003,9.03,1
251,19,2003,9.29,8
364,19,2003,9.02,9
242,19,2003,82.34,4
222,19,2003,85.25,4
280,19,2003,78.22,4
295,19,2003,85.05,15
262,19,2003,86.4,8
371,19,2003,86.04,9
362,19,2003,86.35,9
207,19,2003,89.7,4
215,19,2003,90.98,4
298,19,2002,9.77,14
305,19,2002,10.67,10
362,19,2002,91.33,9
291,19,2002,98.09,2
215,19,2002,95.23,4
207,19,2002,95.14,4
341,19,2002,11.1,7
292,19,2002,11.02,14
279,19,2002,11.07,14
238,19,2002,105.0,4
240,19,2002,106.2,4
220,19,2002,104.0,4
233,19,2002,108.4,4
212,19,2002,107.2,4
253,19,2002,11.88,8
285,19,2002,11.96,14
326,19,2002,11.99,1
278,19,2002,114.3,2
213,19,2002,119.7,4
198,19,2002,122.0,4
331,19,2002,12.28,7
234,19,2002,12.4,4
239,19,2002,123.3,4
208,19,2002,124.5,4
241,19,2002,127.8,4
203,19,2002,127.8,4
243,19,2002,12.65,8
290,19,2002,12.82,14
333,19,2002,13.92,7
201,19,2002,129.0,4
223,19,2002,136.8,4
210,19,2002,130.4,4
231,19,2002,139.6,4
259,19,2002,13.71,8
246,19,2002,14.14,8
360,19,2002,15.27,2
308,19,2002,15.56,10
209,19,2002,135.5,4
217,19,2002,142.1,4
227,19,2002,142.3,4
204,19,2002,144.8,4
386,19,2002,13.71,16
276,19,2002,15.79,8
367,19,2002,14.28,16
245,19,2002,15.46,8
226,19,2002,15.76,4
350,19,2002,15.47,10
218,19,2002,145.8,4
221,19,2002,151.3,4
237,19,2002,139.2,4
200,19,2002,157.4,4
339,19,2002,16.99,10
286,19,2002,14.89,14
230,19,2002,160.3,4
294,19,2002,135.3,4
224,19,2002,164.6,4
205,19,2002,163.8,4
271,19,2002,17.08,8
255,19,2002,17.09,8
244,19,2002,18.0,8
361,19,2002,16.5,9
264,19,2002,16.76,8
293,19,2002,17.64,14
197,19,2002,165.2,4
383,19,2002,17.68,16
338,19,2002,19.74,10
277,19,2002,19.95,8
229,19,2002,192.2,4
296,19,2002,19.28,14
270,19,2002,19.32,8
235,19,2002,200.1,4
272,19,2002,20.68,8
368,19,2002,21.85,12
247,19,2002,21.55,8
252,19,2002,21.67,8
267,19,2002,20.69,8
300,19,2002,22.58,7
379,19,2002,21.01,3
284,19,2002,23.33,14
297,19,2002,22.73,15
337,19,2002,21.17,10
265,19,2002,23.93,8
287,19,2002,25.67,15
257,19,2002,23.31,8
274,19,2002,19.24,8
389,19,2002,23.18,9
302,19,2002,24.77,14
388,19,2002,24.19,12
289,19,2002,26.34,14
273,19,2002,24.33,8
202,19,2002,28.28,4
258,19,2002,26.23,8
384,19,2002,3.19,9
320,19,2002,3.19,1
385,19,2002,26.8,12
249,19,2002,28.3,8
357,19,2002,28.02,2
316,19,2002,27.77,14
366,19,2002,29.75,17
268,19,2002,25.84,8
282,19,2002,29.0,2
348,19,2002,29.49,14
269,19,2002,30.39,8
263,19,2002,31.32,8
266,19,2002,30.94,8
378,19,2002,25.36,16
381,19,2002,32.79,9
324,19,2002,33.97,11
256,19,2002,35.12,8
196,19,2002,36.43,15
328,19,2002,3.58,6
345,19,2002,3.83,1
314,19,2002,3.9,1
369,19,2002,4.06,17
340,19,2002,3.18,7
334,19,2002,4.37,1
330,19,2002,4.58,6
343,19,2002,4.64,7
376,19,2002,34.8,3
387,19,2002,36.64,16
281,19,2002,38.73,15
374,19,2002,32.24,3
373,19,2002,36.06,3
283,19,2002,38.8,14
261,19,2002,39.51,8
325,19,2002,40.53,11
356,19,2002,44.85,9
288,19,2002,43.59,15
260,19,2002,44.4,8
311,19,2002,4.8,10
323,19,2002,4.96,7
315,19,2002,5.0,6
317,19,2002,5.0,6
344,19,2002,5.05,7
303,19,2002,5.12,6
312,19,2002,5.18,1
346,19,2002,5.26,6
306,19,2002,5.34,6
318,19,2002,5.41,7
310,19,2002,5.25,14
332,19,2002,5.78,6
375,19,2002,49.07,17
352,19,2002,48.81,11
363,19,2002,5.87,13
336,19,2002,5.88,7
250,19,2002,6.08,5
322,19,2002,6.21,14
351,19,2002,6.22,1
321,19,2002,6.25,1
301,19,2002,3.65,7
382,19,2002,6.63,17
349,19,2002,52.6,11
370,19,2002,55.77,3
304,19,2002,56.26,14
248,19,2002,62.76,8
380,19,2002,61.86,12
354,19,2002,62.32,2
377,19,2002,6.82,13
329,19,2002,6.57,7
309,19,2002,7.42,7
254,19,2002,7.04,8
359,19,2002,65.91,2
347,19,2002,62.8,11
232,19,2002,62.27,4
199,19,2002,58.52,4
236,19,2002,71.27,4
228,19,2002,67.25,4
353,19,2002,73.94,2
211,19,2002,70.2,4
275,19,2002,8.1,5
335,19,2002,8.26,10
307,19,2002,8.23,7
372,19,2002,8.74,9
214,19,2002,70.23,4
299,19,2002,77.35,14
358,19,2002,77.52,9
355,19,2002,81.12,2
219,19,2002,80.31,4
365,19,2002,78.98,9
225,19,2002,80.93,4
319,19,2002,8.72,10
342,19,2002,8.8,10
313,19,2002,8.78,1
364,19,2002,9.18,9
251,19,2002,9.59,8
327,19,2002,9.36,1
242,19,2002,83.09,4
206,19,2002,76.82,4
216,19,2002,87.05,4
280,19,2002,80.67,4
222,19,2002,89.15,4
295,19,2002,88.43,15
262,19,2002,89.07,8
371,19,2002,90.02,9
364,19,2001,9.41,9
313,19,2001,9.58,1
251,19,2001,10.03,8
327,19,2001,9.81,1
298,19,2001,9.95,14
295,19,2001,91.83,15
262,19,2001,92.06,8
222,19,2001,93.26,4
371,19,2001,93.98,9
291,19,2001,100.6,2
362,19,2001,96.33,9
215,19,2001,99.47,4
305,19,2001,11.55,10
207,19,2001,99.17,4
220,19,2001,102.9,4
238,19,2001,108.3,4
212,19,2001,105.8,4
279,19,2001,11.42,14
292,19,2001,11.46,14
341,19,2001,11.81,7
285,19,2001,12.13,14
253,19,2001,12.3,8
240,19,2001,113.7,4
233,19,2001,115.9,4
278,19,2001,118.3,2
326,19,2001,12.65,1
331,19,2001,12.94,7
234,19,2001,12.39,4
198,19,2001,125.1,4
213,19,2001,125.6,4
208,19,2001,127.9,4
239,19,2001,130.5,4
243,19,2001,13.01,8
246,19,2001,13.92,8
203,19,2001,131.3,4
241,19,2001,137.7,4
201,19,2001,134.3,4
333,19,2001,14.41,7
259,19,2001,13.94,8
290,19,2001,13.48,14
210,19,2001,135.0,4
209,19,2001,139.9,4
217,19,2001,148.1,4
360,19,2001,15.79,2
245,19,2001,15.26,8
386,19,2001,14.11,16
276,19,2001,16.13,8
308,19,2001,16.29,10
223,19,2001,150.7,4
204,19,2001,147.6,4
227,19,2001,150.2,4
231,19,2001,156.4,4
218,19,2001,151.2,4
367,19,2001,15.06,16
350,19,2001,16.14,10
226,19,2001,16.74,4
255,19,2001,16.7,8
294,19,2001,135.3,4
237,19,2001,146.6,4
200,19,2001,161.8,4
221,19,2001,163.3,4
230,19,2001,165.9,4
271,19,2001,17.14,8
339,19,2001,18.06,10
286,19,2001,15.85,14
244,19,2001,18.48,8
205,19,2001,167.1,4
224,19,2001,170.5,4
197,19,2001,172.4,4
264,19,2001,17.12,8
361,19,2001,17.59,9
383,19,2001,18.13,16
338,19,2001,19.96,10
293,19,2001,18.73,14
277,19,2001,20.47,8
229,19,2001,202.6,4
235,19,2001,205.5,4
296,19,2001,20.01,14
272,19,2001,20.76,8
368,19,2001,21.71,12
270,19,2001,20.33,8
247,19,2001,22.23,8
252,19,2001,22.37,8
267,19,2001,21.5,8
379,19,2001,21.88,3
300,19,2001,23.61,7
284,19,2001,24.09,14
265,19,2001,24.96,8
287,19,2001,26.16,15
297,19,2001,24.09,15
274,19,2001,19.88,8
257,19,2001,24.55,8
388,19,2001,24.48,12
337,19,2001,23.45,10
389,19,2001,24.22,9
302,19,2001,26.15,14
289,19,2001,27.21,14
384,19,2001,3.41,9
320,19,2001,3.38,1
273,19,2001,25.29,8
385,19,2001,27.13,12
258,19,2001,27.93,8
202,19,2001,30.37,4
249,19,2001,30.28,8
268,19,2001,26.92,8
378,19,2001,25.39,16
316,19,2001,29.94,14
366,19,2001,32.24,17
282,19,2001,30.95,2
357,19,2001,31.59,2
348,19,2001,31.92,14
269,19,2001,32.84,8
263,19,2001,32.84,8
381,19,2001,33.6,9
266,19,2001,32.72,8
374,19,2001,29.77,3
256,19,2001,35.95,8
324,19,2001,36.33,11
345,19,2001,3.9,1
328,19,2001,3.82,6
314,19,2001,4.0,1
369,19,2001,4.22,17
334,19,2001,4.52,1
340,19,2001,3.47,7
196,19,2001,37.88,15
376,19,2001,35.86,3
387,19,2001,37.51,16
373,19,2001,36.14,3
283,19,2001,39.65,14
281,19,2001,41.07,15
261,19,2001,40.76,8
325,19,2001,42.08,11
356,19,2001,47.06,9
330,19,2001,4.72,6
343,19,2001,4.88,7
311,19,2001,5.0,10
317,19,2001,5.13,6
315,19,2001,5.15,6
323,19,2001,5.2,7
344,19,2001,5.18,7
303,19,2001,5.22,6
312,19,2001,5.32,1
346,19,2001,5.36,6
306,19,2001,5.52,6
260,19,2001,46.31,8
288,19,2001,45.69,15
375,19,2001,53.5,17
352,19,2001,51.79,11
318,19,2001,5.8,7
310,19,2001,5.61,14
332,19,2001,5.93,6
363,19,2001,5.96,13
250,19,2001,6.09,5
351,19,2001,6.32,1
336,19,2001,6.42,7
322,19,2001,6.47,14
321,19,2001,6.6,1
370,19,2001,57.24,3
349,19,2001,56.55,11
304,19,2001,61.33,14
301,19,2001,3.7,7
382,19,2001,6.97,17
377,19,2001,6.98,13
329,19,2001,6.76,7
380,19,2001,63.14,12
248,19,2001,66.69,8
236,19,2001,69.25,4
354,19,2001,66.24,2
359,19,2001,69.78,2
199,19,2001,60.0,4
232,19,2001,67.28,4
228,19,2001,68.41,4
347,19,2001,68.56,11
309,19,2001,7.73,7
254,19,2001,7.32,8
275,19,2001,8.2,5
335,19,2001,8.63,10
353,19,2001,78.39,2
211,19,2001,73.83,4
214,19,2001,72.03,4
358,19,2001,79.85,9
355,19,2001,84.61,2
299,19,2001,81.85,14
307,19,2001,8.76,7
342,19,2001,9.03,10
372,19,2001,9.24,9
319,19,2001,9.29,10
219,19,2001,85.05,4
242,19,2001,84.2,4
225,19,2001,85.69,4
206,19,2001,79.17,4
216,19,2001,90.67,4
365,19,2001,88.57,9
280,19,2001,83.13,4
372,19,2000,9.96,9
319,19,2000,9.85,10
364,19,2000,9.68,9
298,19,2000,10.13,14
327,19,2000,10.22,1
251,19,2000,10.66,8
216,19,2000,94.43,4
295,19,2000,95.11,15
262,19,2000,95.41,8
222,19,2000,97.74,4
365,19,2000,97.31,9
371,19,2000,97.8,9
291,19,2000,103.5,2
313,19,2000,10.44,1
220,19,2000,101.3,4
362,19,2000,101.5,9
215,19,2000,103.9,4
207,19,2000,101.9,4
212,19,2000,103.1,4
238,19,2000,111.6,4
279,19,2000,11.9,14
292,19,2000,11.91,14
341,19,2000,12.35,7
285,19,2000,12.36,14
305,19,2000,12.46,10
240,19,2000,121.3,4
233,19,2000,122.3,4
253,19,2000,12.81,8
234,19,2000,12.4,4
278,19,2000,122.2,2
198,19,2000,128.2,4
326,19,2000,13.47,1
331,19,2000,13.49,7
246,19,2000,13.69,8
243,19,2000,13.34,8
208,19,2000,131.1,4
213,19,2000,131.5,4
203,19,2000,134.2,4
239,19,2000,137.1,4
259,19,2000,14.2,8
333,19,2000,15.14,7
201,19,2000,139.3,4
210,19,2000,139.3,4
241,19,2000,145.7,4
209,19,2000,143.9,4
245,19,2000,15.16,8
290,19,2000,14.32,14
360,19,2000,16.42,2
386,19,2000,14.49,16
204,19,2000,150.3,4
217,19,2000,154.5,4
276,19,2000,16.58,8
255,19,2000,16.37,8
308,19,2000,17.11,10
294,19,2000,135.3,4
227,19,2000,158.8,4
223,19,2000,163.1,4
218,19,2000,156.3,4
200,19,2000,165.8,4
367,19,2000,15.86,16
271,19,2000,17.24,8
350,19,2000,16.78,10
226,19,2000,17.92,4
237,19,2000,153.9,4
230,19,2000,171.3,4
205,19,2000,170.4,4
231,19,2000,173.5,4
224,19,2000,176.2,4
221,19,2000,175.6,4
244,19,2000,19.0,8
339,19,2000,19.0,10
286,19,2000,16.84,14
264,19,2000,17.53,8
197,19,2000,178.4,4
383,19,2000,18.68,16
361,19,2000,18.76,9
338,19,2000,20.96,10
277,19,2000,21.1,8
293,19,2000,19.84,14
272,19,2000,20.82,8
368,19,2000,21.59,12
235,19,2000,210.4,4
229,19,2000,212.3,4
296,19,2000,20.83,14
270,19,2000,21.42,8
247,19,2000,22.91,8
252,19,2000,23.12,8
267,19,2000,22.24,8
379,19,2000,22.75,3
284,19,2000,24.84,14
300,19,2000,24.66,7
274,19,2000,20.57,8
287,19,2000,26.54,15
265,19,2000,26.13,8
388,19,2000,24.79,12
297,19,2000,25.69,15
257,19,2000,26.0,8
384,19,2000,3.64,9
389,19,2000,25.48,9
289,19,2000,28.07,14
302,19,2000,27.54,14
385,19,2000,27.54,12
273,19,2000,26.36,8
337,19,2000,26.08,10
378,19,2000,25.21,16
258,19,2000,29.67,8
268,19,2000,28.03,8
202,19,2000,33.39,4
249,19,2000,32.37,8
316,19,2000,32.08,14
282,19,2000,32.99,2
366,19,2000,34.7,17
381,19,2000,34.35,9
263,19,2000,34.38,8
348,19,2000,34.51,14
269,19,2000,35.71,8
266,19,2000,34.7,8
374,19,2000,30.8,3
357,19,2000,35.51,2
256,19,2000,36.95,8
320,19,2000,3.58,1
345,19,2000,3.96,1
314,19,2000,4.11,1
328,19,2000,4.08,6
369,19,2000,4.42,17
334,19,2000,4.66,1
196,19,2000,39.26,15
373,19,2000,36.2,3
324,19,2000,38.77,11
387,19,2000,38.52,16
376,19,2000,36.97,3
283,19,2000,40.56,14
261,19,2000,41.91,8
281,19,2000,43.73,15
325,19,2000,44.03,11
340,19,2000,3.79,7
330,19,2000,4.87,6
343,19,2000,5.15,7
317,19,2000,5.26,6
315,19,2000,5.28,6
344,19,2000,5.32,7
303,19,2000,5.31,6
311,19,2000,5.27,10
312,19,2000,5.43,1
323,19,2000,5.47,7
346,19,2000,5.46,6
306,19,2000,5.72,6
356,19,2000,49.37,9
260,19,2000,48.3,8
288,19,2000,47.78,15
363,19,2000,6.07,13
250,19,2000,6.12,5
332,19,2000,6.07,6
318,19,2000,6.22,7
310,19,2000,6.02,14
351,19,2000,6.42,1
322,19,2000,6.73,14
352,19,2000,54.46,11
375,19,2000,58.03,17
370,19,2000,58.86,3
349,19,2000,60.39,11
321,19,2000,6.85,1
336,19,2000,6.96,7
377,19,2000,7.16,13
382,19,2000,7.3,17
301,19,2000,3.77,7
329,19,2000,6.99,7
236,19,2000,66.87,4
380,19,2000,64.4,12
304,19,2000,66.39,14
248,19,2000,70.87,8
228,19,2000,69.26,4
199,19,2000,61.46,4
354,19,2000,70.25,2
359,19,2000,74.04,2
309,19,2000,8.04,7
275,19,2000,8.31,5
254,19,2000,7.64,8
232,19,2000,72.19,4
347,19,2000,74.77,11
214,19,2000,73.59,4
211,19,2000,77.74,4
353,19,2000,83.19,2
358,19,2000,82.1,9
335,19,2000,9.12,10
342,19,2000,9.34,10
307,19,2000,9.35,7
355,19,2000,88.11,2
299,19,2000,86.29,14
242,19,2000,86.31,4
219,19,2000,89.66,4
206,19,2000,81.51,4
225,19,2000,89.96,4
280,19,2000,85.36,4
